Copyright 1986-2022 Xilinx, Inc. All Rights Reserved.
--------------------------------------------------------------------------------------------------------------------------------------------------------------------------------------------------------------------------------------
| Tool Version      : Vivado v.2022.2 (win64) Build 3671981 Fri Oct 14 05:00:03 MDT 2022
| Date              : Sat May  9 11:49:08 2026
| Host              : Mini-PC-01 running 64-bit major release  (build 9200)
| Command           : report_timing_summary -max_paths 10 -report_unconstrained -file BD_1_wrapper_timing_summary_routed.rpt -pb BD_1_wrapper_timing_summary_routed.pb -rpx BD_1_wrapper_timing_summary_routed.rpx -warn_on_violation
| Design            : BD_1_wrapper
| Device            : xck26-sfvc784
| Speed File        : -2LV  PRODUCTION 1.30 05-15-2022
| Temperature Grade : C
--------------------------------------------------------------------------------------------------------------------------------------------------------------------------------------------------------------------------------------

Timing Summary Report

------------------------------------------------------------------------------------------------
| Timer Settings
| --------------
------------------------------------------------------------------------------------------------

  Enable Multi Corner Analysis               :  Yes
  Enable Pessimism Removal                   :  Yes
  Pessimism Removal Resolution               :  Nearest Common Node
  Enable Input Delay Default Clock           :  No
  Enable Preset / Clear Arcs                 :  No
  Disable Flight Delays                      :  No
  Ignore I/O Paths                           :  No
  Timing Early Launch at Borrowing Latches   :  No
  Borrow Time for Max Delay Exceptions       :  Yes
  Merge Timing Exceptions                    :  Yes

  Corner  Analyze    Analyze    
  Name    Max Paths  Min Paths  
  ------  ---------  ---------  
  Slow    Yes        Yes        
  Fast    Yes        Yes        


------------------------------------------------------------------------------------------------
| Report Methodology
| ------------------
------------------------------------------------------------------------------------------------

Rule     Severity  Description                   Violations  
-------  --------  ----------------------------  ----------  
LUTAR-1  Warning   LUT drives async reset alert  6           

Note: This report is based on the most recent report_methodology run and may not be up-to-date. Run report_methodology on the current design for the latest report.



check_timing report

Table of Contents
-----------------
1. checking no_clock (0)
2. checking constant_clock (0)
3. checking pulse_width_clock (0)
4. checking unconstrained_internal_endpoints (0)
5. checking no_input_delay (0)
6. checking no_output_delay (0)
7. checking multiple_clock (0)
8. checking generated_clocks (0)
9. checking loops (0)
10. checking partial_input_delay (0)
11. checking partial_output_delay (0)
12. checking latch_loops (0)

1. checking no_clock (0)
------------------------
 There are 0 register/latch pins with no clock.


2. checking constant_clock (0)
------------------------------
 There are 0 register/latch pins with constant_clock.


3. checking pulse_width_clock (0)
---------------------------------
 There are 0 register/latch pins which need pulse_width check


4. checking unconstrained_internal_endpoints (0)
------------------------------------------------
 There are 0 pins that are not constrained for maximum delay.

 There are 0 pins that are not constrained for maximum delay due to constant clock.


5. checking no_input_delay (0)
------------------------------
 There are 0 input ports with no input delay specified.

 There are 0 input ports with no input delay but user has a false path constraint.


6. checking no_output_delay (0)
-------------------------------
 There are 0 ports with no output delay specified.

 There are 0 ports with no output delay but user has a false path constraint

 There are 0 ports with no output delay but with a timing clock defined on it or propagating through it


7. checking multiple_clock (0)
------------------------------
 There are 0 register/latch pins with multiple clocks.


8. checking generated_clocks (0)
--------------------------------
 There are 0 generated clocks that are not connected to a clock source.


9. checking loops (0)
---------------------
 There are 0 combinational loops in the design.


10. checking partial_input_delay (0)
------------------------------------
 There are 0 input ports with partial input delay specified.


11. checking partial_output_delay (0)
-------------------------------------
 There are 0 ports with partial output delay specified.


12. checking latch_loops (0)
----------------------------
 There are 0 combinational latch loops in the design through latch input



------------------------------------------------------------------------------------------------
| Design Timing Summary
| ---------------------
------------------------------------------------------------------------------------------------

    WNS(ns)      TNS(ns)  TNS Failing Endpoints  TNS Total Endpoints      WHS(ns)      THS(ns)  THS Failing Endpoints  THS Total Endpoints     WPWS(ns)     TPWS(ns)  TPWS Failing Endpoints  TPWS Total Endpoints  
    -------      -------  ---------------------  -------------------      -------      -------  ---------------------  -------------------     --------     --------  ----------------------  --------------------  
      0.426        0.000                      0               268371        0.012        0.000                      0               268371        3.500        0.000                       0                 29801  


All user specified timing constraints are met.


------------------------------------------------------------------------------------------------
| Clock Summary
| -------------
------------------------------------------------------------------------------------------------

Clock     Waveform(ns)       Period(ns)      Frequency(MHz)
-----     ------------       ----------      --------------
clk_pl_0  {0.000 5.000}      10.000          100.000         
clk_pl_1  {0.000 5.000}      10.000          100.000         


------------------------------------------------------------------------------------------------
| Intra Clock Table
| -----------------
------------------------------------------------------------------------------------------------

Clock             WNS(ns)      TNS(ns)  TNS Failing Endpoints  TNS Total Endpoints      WHS(ns)      THS(ns)  THS Failing Endpoints  THS Total Endpoints     WPWS(ns)     TPWS(ns)  TPWS Failing Endpoints  TPWS Total Endpoints  
-----             -------      -------  ---------------------  -------------------      -------      -------  ---------------------  -------------------     --------     --------  ----------------------  --------------------  
clk_pl_0            0.426        0.000                      0               266880        0.012        0.000                      0               266880        3.500        0.000                       0                 29801  


------------------------------------------------------------------------------------------------
| Inter Clock Table
| -----------------
------------------------------------------------------------------------------------------------

From Clock    To Clock          WNS(ns)      TNS(ns)  TNS Failing Endpoints  TNS Total Endpoints      WHS(ns)      THS(ns)  THS Failing Endpoints  THS Total Endpoints  
----------    --------          -------      -------  ---------------------  -------------------      -------      -------  ---------------------  -------------------  


------------------------------------------------------------------------------------------------
| Other Path Groups Table
| -----------------------
------------------------------------------------------------------------------------------------

Path Group         From Clock         To Clock               WNS(ns)      TNS(ns)  TNS Failing Endpoints  TNS Total Endpoints      WHS(ns)      THS(ns)  THS Failing Endpoints  THS Total Endpoints  
----------         ----------         --------               -------      -------  ---------------------  -------------------      -------      -------  ---------------------  -------------------  
**async_default**  clk_pl_0           clk_pl_0                 5.924        0.000                      0                 1491        0.226        0.000                      0                 1491  


------------------------------------------------------------------------------------------------
| User Ignored Path Table
| -----------------------
------------------------------------------------------------------------------------------------

Path Group    From Clock    To Clock    
----------    ----------    --------    
(none)                      clk_pl_0      
(none)        clk_pl_0      clk_pl_0      


------------------------------------------------------------------------------------------------
| Unconstrained Path Table
| ------------------------
------------------------------------------------------------------------------------------------

Path Group    From Clock    To Clock    
----------    ----------    --------    


------------------------------------------------------------------------------------------------
| Timing Details
| --------------
------------------------------------------------------------------------------------------------


---------------------------------------------------------------------------------------------------
From Clock:  clk_pl_0
  To Clock:  clk_pl_0

Setup :            0  Failing Endpoints,  Worst Slack        0.426ns,  Total Violation        0.000ns
Hold  :            0  Failing Endpoints,  Worst Slack        0.012ns,  Total Violation        0.000ns
PW    :            0  Failing Endpoints,  Worst Slack        3.500ns,  Total Violation        0.000ns
---------------------------------------------------------------------------------------------------


Max Delay Paths
--------------------------------------------------------------------------------------
Slack (MET) :             0.426ns  (required time - arrival time)
  Source:                 BD_1_i/RV_IP_AXI_Wrapper_0/inst/bram_addra_reg[6]/C
                            (rising edge-triggered cell FDRE clocked by clk_pl_0  {rise@0.000ns fall@5.000ns period=10.000ns})
  Destination:            BD_1_i/RV_IP_AXI_Wrapper_0/inst/rv_core/PROCESSOR/IF_STAGE/IM/Memory_reg_5888_6143_30_30/DP.A/WADR4
                            (rising edge-triggered cell RAMD64E clocked by clk_pl_0  {rise@0.000ns fall@5.000ns period=10.000ns})
  Path Group:             clk_pl_0
  Path Type:              Setup (Max at Slow Process Corner)
  Requirement:            10.000ns  (clk_pl_0 rise@10.000ns - clk_pl_0 rise@0.000ns)
  Data Path Delay:        8.970ns  (logic 0.114ns (1.271%)  route 8.856ns (98.729%))
  Logic Levels:           0  
  Clock Path Skew:        -0.322ns (DCD - SCD + CPR)
    Destination Clock Delay (DCD):    2.881ns = ( 12.881 - 10.000 ) 
    Source Clock Delay      (SCD):    3.388ns
    Clock Pessimism Removal (CPR):    0.185ns
  Clock Uncertainty:      0.160ns  ((TSJ^2 + DJ^2)^1/2) / 2 + PE
    Total System Jitter     (TSJ):    0.071ns
    Discrete Jitter          (DJ):    0.312ns
    Phase Error              (PE):    0.000ns
  Clock Net Delay (Source):      3.121ns (routing 1.584ns, distribution 1.537ns)
  Clock Net Delay (Destination): 2.665ns (routing 1.450ns, distribution 1.215ns)

    Location             Delay type                Incr(ns)  Path(ns)    Netlist Resource(s)
  -------------------------------------------------------------------    -------------------
                         (clock clk_pl_0 rise edge)
                                                      0.000     0.000 r  
    PS8_X0Y0             PS8                          0.000     0.000 r  BD_1_i/zynq_ultra_ps_e_0/inst/PS8_i/PLCLK[0]
                         net (fo=1, routed)           0.229     0.229    BD_1_i/zynq_ultra_ps_e_0/inst/pl_clk_unbuffered[0]
    BUFG_PS_X0Y80        BUFG_PS (Prop_BUFG_PS_I_O)
                                                      0.038     0.267 r  BD_1_i/zynq_ultra_ps_e_0/inst/buffer_pl_clk_0.PL_CLK_0_BUFG/O
    X1Y1 (CLOCK_ROOT)    net (fo=29801, routed)       3.121     3.388    BD_1_i/RV_IP_AXI_Wrapper_0/inst/S_AXI_ACLK
    SLICE_X11Y146        FDRE                                         r  BD_1_i/RV_IP_AXI_Wrapper_0/inst/bram_addra_reg[6]/C
  -------------------------------------------------------------------    -------------------
    SLICE_X11Y146        FDRE (Prop_GFF_SLICEL_C_Q)
                                                      0.114     3.502 r  BD_1_i/RV_IP_AXI_Wrapper_0/inst/bram_addra_reg[6]/Q
                         net (fo=24576, routed)       8.856    12.358    BD_1_i/RV_IP_AXI_Wrapper_0/inst/rv_core/PROCESSOR/IF_STAGE/IM/Memory_reg_5888_6143_30_30/A4
    SLICE_X38Y65         RAMD64E                                      r  BD_1_i/RV_IP_AXI_Wrapper_0/inst/rv_core/PROCESSOR/IF_STAGE/IM/Memory_reg_5888_6143_30_30/DP.A/WADR4
  -------------------------------------------------------------------    -------------------

                         (clock clk_pl_0 rise edge)
                                                     10.000    10.000 r  
    PS8_X0Y0             PS8                          0.000    10.000 r  BD_1_i/zynq_ultra_ps_e_0/inst/PS8_i/PLCLK[0]
                         net (fo=1, routed)           0.181    10.181    BD_1_i/zynq_ultra_ps_e_0/inst/pl_clk_unbuffered[0]
    BUFG_PS_X0Y80        BUFG_PS (Prop_BUFG_PS_I_O)
                                                      0.035    10.216 r  BD_1_i/zynq_ultra_ps_e_0/inst/buffer_pl_clk_0.PL_CLK_0_BUFG/O
    X1Y1 (CLOCK_ROOT)    net (fo=29801, routed)       2.665    12.881    BD_1_i/RV_IP_AXI_Wrapper_0/inst/rv_core/PROCESSOR/IF_STAGE/IM/Memory_reg_5888_6143_30_30/WCLK
    SLICE_X38Y65         RAMD64E                                      r  BD_1_i/RV_IP_AXI_Wrapper_0/inst/rv_core/PROCESSOR/IF_STAGE/IM/Memory_reg_5888_6143_30_30/DP.A/CLK
                         clock pessimism              0.185    13.066    
                         clock uncertainty           -0.160    12.906    
    SLICE_X38Y65         RAMD64E (Setup_D6LUT_SLICEM_CLK_WADR4)
                                                     -0.122    12.784    BD_1_i/RV_IP_AXI_Wrapper_0/inst/rv_core/PROCESSOR/IF_STAGE/IM/Memory_reg_5888_6143_30_30/DP.A
  -------------------------------------------------------------------
                         required time                         12.784    
                         arrival time                         -12.358    
  -------------------------------------------------------------------
                         slack                                  0.426    

Slack (MET) :             0.426ns  (required time - arrival time)
  Source:                 BD_1_i/RV_IP_AXI_Wrapper_0/inst/bram_addra_reg[6]/C
                            (rising edge-triggered cell FDRE clocked by clk_pl_0  {rise@0.000ns fall@5.000ns period=10.000ns})
  Destination:            BD_1_i/RV_IP_AXI_Wrapper_0/inst/rv_core/PROCESSOR/IF_STAGE/IM/Memory_reg_5888_6143_30_30/DP.B/WADR4
                            (rising edge-triggered cell RAMD64E clocked by clk_pl_0  {rise@0.000ns fall@5.000ns period=10.000ns})
  Path Group:             clk_pl_0
  Path Type:              Setup (Max at Slow Process Corner)
  Requirement:            10.000ns  (clk_pl_0 rise@10.000ns - clk_pl_0 rise@0.000ns)
  Data Path Delay:        8.970ns  (logic 0.114ns (1.271%)  route 8.856ns (98.729%))
  Logic Levels:           0  
  Clock Path Skew:        -0.322ns (DCD - SCD + CPR)
    Destination Clock Delay (DCD):    2.881ns = ( 12.881 - 10.000 ) 
    Source Clock Delay      (SCD):    3.388ns
    Clock Pessimism Removal (CPR):    0.185ns
  Clock Uncertainty:      0.160ns  ((TSJ^2 + DJ^2)^1/2) / 2 + PE
    Total System Jitter     (TSJ):    0.071ns
    Discrete Jitter          (DJ):    0.312ns
    Phase Error              (PE):    0.000ns
  Clock Net Delay (Source):      3.121ns (routing 1.584ns, distribution 1.537ns)
  Clock Net Delay (Destination): 2.665ns (routing 1.450ns, distribution 1.215ns)

    Location             Delay type                Incr(ns)  Path(ns)    Netlist Resource(s)
  -------------------------------------------------------------------    -------------------
                         (clock clk_pl_0 rise edge)
                                                      0.000     0.000 r  
    PS8_X0Y0             PS8                          0.000     0.000 r  BD_1_i/zynq_ultra_ps_e_0/inst/PS8_i/PLCLK[0]
                         net (fo=1, routed)           0.229     0.229    BD_1_i/zynq_ultra_ps_e_0/inst/pl_clk_unbuffered[0]
    BUFG_PS_X0Y80        BUFG_PS (Prop_BUFG_PS_I_O)
                                                      0.038     0.267 r  BD_1_i/zynq_ultra_ps_e_0/inst/buffer_pl_clk_0.PL_CLK_0_BUFG/O
    X1Y1 (CLOCK_ROOT)    net (fo=29801, routed)       3.121     3.388    BD_1_i/RV_IP_AXI_Wrapper_0/inst/S_AXI_ACLK
    SLICE_X11Y146        FDRE                                         r  BD_1_i/RV_IP_AXI_Wrapper_0/inst/bram_addra_reg[6]/C
  -------------------------------------------------------------------    -------------------
    SLICE_X11Y146        FDRE (Prop_GFF_SLICEL_C_Q)
                                                      0.114     3.502 r  BD_1_i/RV_IP_AXI_Wrapper_0/inst/bram_addra_reg[6]/Q
                         net (fo=24576, routed)       8.856    12.358    BD_1_i/RV_IP_AXI_Wrapper_0/inst/rv_core/PROCESSOR/IF_STAGE/IM/Memory_reg_5888_6143_30_30/A4
    SLICE_X38Y65         RAMD64E                                      r  BD_1_i/RV_IP_AXI_Wrapper_0/inst/rv_core/PROCESSOR/IF_STAGE/IM/Memory_reg_5888_6143_30_30/DP.B/WADR4
  -------------------------------------------------------------------    -------------------

                         (clock clk_pl_0 rise edge)
                                                     10.000    10.000 r  
    PS8_X0Y0             PS8                          0.000    10.000 r  BD_1_i/zynq_ultra_ps_e_0/inst/PS8_i/PLCLK[0]
                         net (fo=1, routed)           0.181    10.181    BD_1_i/zynq_ultra_ps_e_0/inst/pl_clk_unbuffered[0]
    BUFG_PS_X0Y80        BUFG_PS (Prop_BUFG_PS_I_O)
                                                      0.035    10.216 r  BD_1_i/zynq_ultra_ps_e_0/inst/buffer_pl_clk_0.PL_CLK_0_BUFG/O
    X1Y1 (CLOCK_ROOT)    net (fo=29801, routed)       2.665    12.881    BD_1_i/RV_IP_AXI_Wrapper_0/inst/rv_core/PROCESSOR/IF_STAGE/IM/Memory_reg_5888_6143_30_30/WCLK
    SLICE_X38Y65         RAMD64E                                      r  BD_1_i/RV_IP_AXI_Wrapper_0/inst/rv_core/PROCESSOR/IF_STAGE/IM/Memory_reg_5888_6143_30_30/DP.B/CLK
                         clock pessimism              0.185    13.066    
                         clock uncertainty           -0.160    12.906    
    SLICE_X38Y65         RAMD64E (Setup_C6LUT_SLICEM_CLK_WADR4)
                                                     -0.122    12.784    BD_1_i/RV_IP_AXI_Wrapper_0/inst/rv_core/PROCESSOR/IF_STAGE/IM/Memory_reg_5888_6143_30_30/DP.B
  -------------------------------------------------------------------
                         required time                         12.784    
                         arrival time                         -12.358    
  -------------------------------------------------------------------
                         slack                                  0.426    

Slack (MET) :             0.426ns  (required time - arrival time)
  Source:                 BD_1_i/RV_IP_AXI_Wrapper_0/inst/bram_addra_reg[6]/C
                            (rising edge-triggered cell FDRE clocked by clk_pl_0  {rise@0.000ns fall@5.000ns period=10.000ns})
  Destination:            BD_1_i/RV_IP_AXI_Wrapper_0/inst/rv_core/PROCESSOR/IF_STAGE/IM/Memory_reg_5888_6143_30_30/DP.C/WADR4
                            (rising edge-triggered cell RAMD64E clocked by clk_pl_0  {rise@0.000ns fall@5.000ns period=10.000ns})
  Path Group:             clk_pl_0
  Path Type:              Setup (Max at Slow Process Corner)
  Requirement:            10.000ns  (clk_pl_0 rise@10.000ns - clk_pl_0 rise@0.000ns)
  Data Path Delay:        8.970ns  (logic 0.114ns (1.271%)  route 8.856ns (98.729%))
  Logic Levels:           0  
  Clock Path Skew:        -0.322ns (DCD - SCD + CPR)
    Destination Clock Delay (DCD):    2.881ns = ( 12.881 - 10.000 ) 
    Source Clock Delay      (SCD):    3.388ns
    Clock Pessimism Removal (CPR):    0.185ns
  Clock Uncertainty:      0.160ns  ((TSJ^2 + DJ^2)^1/2) / 2 + PE
    Total System Jitter     (TSJ):    0.071ns
    Discrete Jitter          (DJ):    0.312ns
    Phase Error              (PE):    0.000ns
  Clock Net Delay (Source):      3.121ns (routing 1.584ns, distribution 1.537ns)
  Clock Net Delay (Destination): 2.665ns (routing 1.450ns, distribution 1.215ns)

    Location             Delay type                Incr(ns)  Path(ns)    Netlist Resource(s)
  -------------------------------------------------------------------    -------------------
                         (clock clk_pl_0 rise edge)
                                                      0.000     0.000 r  
    PS8_X0Y0             PS8                          0.000     0.000 r  BD_1_i/zynq_ultra_ps_e_0/inst/PS8_i/PLCLK[0]
                         net (fo=1, routed)           0.229     0.229    BD_1_i/zynq_ultra_ps_e_0/inst/pl_clk_unbuffered[0]
    BUFG_PS_X0Y80        BUFG_PS (Prop_BUFG_PS_I_O)
                                                      0.038     0.267 r  BD_1_i/zynq_ultra_ps_e_0/inst/buffer_pl_clk_0.PL_CLK_0_BUFG/O
    X1Y1 (CLOCK_ROOT)    net (fo=29801, routed)       3.121     3.388    BD_1_i/RV_IP_AXI_Wrapper_0/inst/S_AXI_ACLK
    SLICE_X11Y146        FDRE                                         r  BD_1_i/RV_IP_AXI_Wrapper_0/inst/bram_addra_reg[6]/C
  -------------------------------------------------------------------    -------------------
    SLICE_X11Y146        FDRE (Prop_GFF_SLICEL_C_Q)
                                                      0.114     3.502 r  BD_1_i/RV_IP_AXI_Wrapper_0/inst/bram_addra_reg[6]/Q
                         net (fo=24576, routed)       8.856    12.358    BD_1_i/RV_IP_AXI_Wrapper_0/inst/rv_core/PROCESSOR/IF_STAGE/IM/Memory_reg_5888_6143_30_30/A4
    SLICE_X38Y65         RAMD64E                                      r  BD_1_i/RV_IP_AXI_Wrapper_0/inst/rv_core/PROCESSOR/IF_STAGE/IM/Memory_reg_5888_6143_30_30/DP.C/WADR4
  -------------------------------------------------------------------    -------------------

                         (clock clk_pl_0 rise edge)
                                                     10.000    10.000 r  
    PS8_X0Y0             PS8                          0.000    10.000 r  BD_1_i/zynq_ultra_ps_e_0/inst/PS8_i/PLCLK[0]
                         net (fo=1, routed)           0.181    10.181    BD_1_i/zynq_ultra_ps_e_0/inst/pl_clk_unbuffered[0]
    BUFG_PS_X0Y80        BUFG_PS (Prop_BUFG_PS_I_O)
                                                      0.035    10.216 r  BD_1_i/zynq_ultra_ps_e_0/inst/buffer_pl_clk_0.PL_CLK_0_BUFG/O
    X1Y1 (CLOCK_ROOT)    net (fo=29801, routed)       2.665    12.881    BD_1_i/RV_IP_AXI_Wrapper_0/inst/rv_core/PROCESSOR/IF_STAGE/IM/Memory_reg_5888_6143_30_30/WCLK
    SLICE_X38Y65         RAMD64E                                      r  BD_1_i/RV_IP_AXI_Wrapper_0/inst/rv_core/PROCESSOR/IF_STAGE/IM/Memory_reg_5888_6143_30_30/DP.C/CLK
                         clock pessimism              0.185    13.066    
                         clock uncertainty           -0.160    12.906    
    SLICE_X38Y65         RAMD64E (Setup_B6LUT_SLICEM_CLK_WADR4)
                                                     -0.122    12.784    BD_1_i/RV_IP_AXI_Wrapper_0/inst/rv_core/PROCESSOR/IF_STAGE/IM/Memory_reg_5888_6143_30_30/DP.C
  -------------------------------------------------------------------
                         required time                         12.784    
                         arrival time                         -12.358    
  -------------------------------------------------------------------
                         slack                                  0.426    

Slack (MET) :             0.426ns  (required time - arrival time)
  Source:                 BD_1_i/RV_IP_AXI_Wrapper_0/inst/bram_addra_reg[6]/C
                            (rising edge-triggered cell FDRE clocked by clk_pl_0  {rise@0.000ns fall@5.000ns period=10.000ns})
  Destination:            BD_1_i/RV_IP_AXI_Wrapper_0/inst/rv_core/PROCESSOR/IF_STAGE/IM/Memory_reg_5888_6143_30_30/DP.D/WADR4
                            (rising edge-triggered cell RAMD64E clocked by clk_pl_0  {rise@0.000ns fall@5.000ns period=10.000ns})
  Path Group:             clk_pl_0
  Path Type:              Setup (Max at Slow Process Corner)
  Requirement:            10.000ns  (clk_pl_0 rise@10.000ns - clk_pl_0 rise@0.000ns)
  Data Path Delay:        8.970ns  (logic 0.114ns (1.271%)  route 8.856ns (98.729%))
  Logic Levels:           0  
  Clock Path Skew:        -0.322ns (DCD - SCD + CPR)
    Destination Clock Delay (DCD):    2.881ns = ( 12.881 - 10.000 ) 
    Source Clock Delay      (SCD):    3.388ns
    Clock Pessimism Removal (CPR):    0.185ns
  Clock Uncertainty:      0.160ns  ((TSJ^2 + DJ^2)^1/2) / 2 + PE
    Total System Jitter     (TSJ):    0.071ns
    Discrete Jitter          (DJ):    0.312ns
    Phase Error              (PE):    0.000ns
  Clock Net Delay (Source):      3.121ns (routing 1.584ns, distribution 1.537ns)
  Clock Net Delay (Destination): 2.665ns (routing 1.450ns, distribution 1.215ns)

    Location             Delay type                Incr(ns)  Path(ns)    Netlist Resource(s)
  -------------------------------------------------------------------    -------------------
                         (clock clk_pl_0 rise edge)
                                                      0.000     0.000 r  
    PS8_X0Y0             PS8                          0.000     0.000 r  BD_1_i/zynq_ultra_ps_e_0/inst/PS8_i/PLCLK[0]
                         net (fo=1, routed)           0.229     0.229    BD_1_i/zynq_ultra_ps_e_0/inst/pl_clk_unbuffered[0]
    BUFG_PS_X0Y80        BUFG_PS (Prop_BUFG_PS_I_O)
                                                      0.038     0.267 r  BD_1_i/zynq_ultra_ps_e_0/inst/buffer_pl_clk_0.PL_CLK_0_BUFG/O
    X1Y1 (CLOCK_ROOT)    net (fo=29801, routed)       3.121     3.388    BD_1_i/RV_IP_AXI_Wrapper_0/inst/S_AXI_ACLK
    SLICE_X11Y146        FDRE                                         r  BD_1_i/RV_IP_AXI_Wrapper_0/inst/bram_addra_reg[6]/C
  -------------------------------------------------------------------    -------------------
    SLICE_X11Y146        FDRE (Prop_GFF_SLICEL_C_Q)
                                                      0.114     3.502 r  BD_1_i/RV_IP_AXI_Wrapper_0/inst/bram_addra_reg[6]/Q
                         net (fo=24576, routed)       8.856    12.358    BD_1_i/RV_IP_AXI_Wrapper_0/inst/rv_core/PROCESSOR/IF_STAGE/IM/Memory_reg_5888_6143_30_30/A4
    SLICE_X38Y65         RAMD64E                                      r  BD_1_i/RV_IP_AXI_Wrapper_0/inst/rv_core/PROCESSOR/IF_STAGE/IM/Memory_reg_5888_6143_30_30/DP.D/WADR4
  -------------------------------------------------------------------    -------------------

                         (clock clk_pl_0 rise edge)
                                                     10.000    10.000 r  
    PS8_X0Y0             PS8                          0.000    10.000 r  BD_1_i/zynq_ultra_ps_e_0/inst/PS8_i/PLCLK[0]
                         net (fo=1, routed)           0.181    10.181    BD_1_i/zynq_ultra_ps_e_0/inst/pl_clk_unbuffered[0]
    BUFG_PS_X0Y80        BUFG_PS (Prop_BUFG_PS_I_O)
                                                      0.035    10.216 r  BD_1_i/zynq_ultra_ps_e_0/inst/buffer_pl_clk_0.PL_CLK_0_BUFG/O
    X1Y1 (CLOCK_ROOT)    net (fo=29801, routed)       2.665    12.881    BD_1_i/RV_IP_AXI_Wrapper_0/inst/rv_core/PROCESSOR/IF_STAGE/IM/Memory_reg_5888_6143_30_30/WCLK
    SLICE_X38Y65         RAMD64E                                      r  BD_1_i/RV_IP_AXI_Wrapper_0/inst/rv_core/PROCESSOR/IF_STAGE/IM/Memory_reg_5888_6143_30_30/DP.D/CLK
                         clock pessimism              0.185    13.066    
                         clock uncertainty           -0.160    12.906    
    SLICE_X38Y65         RAMD64E (Setup_A6LUT_SLICEM_CLK_WADR4)
                                                     -0.122    12.784    BD_1_i/RV_IP_AXI_Wrapper_0/inst/rv_core/PROCESSOR/IF_STAGE/IM/Memory_reg_5888_6143_30_30/DP.D
  -------------------------------------------------------------------
                         required time                         12.784    
                         arrival time                         -12.358    
  -------------------------------------------------------------------
                         slack                                  0.426    

Slack (MET) :             0.426ns  (required time - arrival time)
  Source:                 BD_1_i/RV_IP_AXI_Wrapper_0/inst/bram_addra_reg[6]/C
                            (rising edge-triggered cell FDRE clocked by clk_pl_0  {rise@0.000ns fall@5.000ns period=10.000ns})
  Destination:            BD_1_i/RV_IP_AXI_Wrapper_0/inst/rv_core/PROCESSOR/IF_STAGE/IM/Memory_reg_5888_6143_30_30/SP.A/WADR4
                            (rising edge-triggered cell RAMD64E clocked by clk_pl_0  {rise@0.000ns fall@5.000ns period=10.000ns})
  Path Group:             clk_pl_0
  Path Type:              Setup (Max at Slow Process Corner)
  Requirement:            10.000ns  (clk_pl_0 rise@10.000ns - clk_pl_0 rise@0.000ns)
  Data Path Delay:        8.970ns  (logic 0.114ns (1.271%)  route 8.856ns (98.729%))
  Logic Levels:           0  
  Clock Path Skew:        -0.322ns (DCD - SCD + CPR)
    Destination Clock Delay (DCD):    2.881ns = ( 12.881 - 10.000 ) 
    Source Clock Delay      (SCD):    3.388ns
    Clock Pessimism Removal (CPR):    0.185ns
  Clock Uncertainty:      0.160ns  ((TSJ^2 + DJ^2)^1/2) / 2 + PE
    Total System Jitter     (TSJ):    0.071ns
    Discrete Jitter          (DJ):    0.312ns
    Phase Error              (PE):    0.000ns
  Clock Net Delay (Source):      3.121ns (routing 1.584ns, distribution 1.537ns)
  Clock Net Delay (Destination): 2.665ns (routing 1.450ns, distribution 1.215ns)

    Location             Delay type                Incr(ns)  Path(ns)    Netlist Resource(s)
  -------------------------------------------------------------------    -------------------
                         (clock clk_pl_0 rise edge)
                                                      0.000     0.000 r  
    PS8_X0Y0             PS8                          0.000     0.000 r  BD_1_i/zynq_ultra_ps_e_0/inst/PS8_i/PLCLK[0]
                         net (fo=1, routed)           0.229     0.229    BD_1_i/zynq_ultra_ps_e_0/inst/pl_clk_unbuffered[0]
    BUFG_PS_X0Y80        BUFG_PS (Prop_BUFG_PS_I_O)
                                                      0.038     0.267 r  BD_1_i/zynq_ultra_ps_e_0/inst/buffer_pl_clk_0.PL_CLK_0_BUFG/O
    X1Y1 (CLOCK_ROOT)    net (fo=29801, routed)       3.121     3.388    BD_1_i/RV_IP_AXI_Wrapper_0/inst/S_AXI_ACLK
    SLICE_X11Y146        FDRE                                         r  BD_1_i/RV_IP_AXI_Wrapper_0/inst/bram_addra_reg[6]/C
  -------------------------------------------------------------------    -------------------
    SLICE_X11Y146        FDRE (Prop_GFF_SLICEL_C_Q)
                                                      0.114     3.502 r  BD_1_i/RV_IP_AXI_Wrapper_0/inst/bram_addra_reg[6]/Q
                         net (fo=24576, routed)       8.856    12.358    BD_1_i/RV_IP_AXI_Wrapper_0/inst/rv_core/PROCESSOR/IF_STAGE/IM/Memory_reg_5888_6143_30_30/A4
    SLICE_X38Y65         RAMD64E                                      r  BD_1_i/RV_IP_AXI_Wrapper_0/inst/rv_core/PROCESSOR/IF_STAGE/IM/Memory_reg_5888_6143_30_30/SP.A/WADR4
  -------------------------------------------------------------------    -------------------

                         (clock clk_pl_0 rise edge)
                                                     10.000    10.000 r  
    PS8_X0Y0             PS8                          0.000    10.000 r  BD_1_i/zynq_ultra_ps_e_0/inst/PS8_i/PLCLK[0]
                         net (fo=1, routed)           0.181    10.181    BD_1_i/zynq_ultra_ps_e_0/inst/pl_clk_unbuffered[0]
    BUFG_PS_X0Y80        BUFG_PS (Prop_BUFG_PS_I_O)
                                                      0.035    10.216 r  BD_1_i/zynq_ultra_ps_e_0/inst/buffer_pl_clk_0.PL_CLK_0_BUFG/O
    X1Y1 (CLOCK_ROOT)    net (fo=29801, routed)       2.665    12.881    BD_1_i/RV_IP_AXI_Wrapper_0/inst/rv_core/PROCESSOR/IF_STAGE/IM/Memory_reg_5888_6143_30_30/WCLK
    SLICE_X38Y65         RAMD64E                                      r  BD_1_i/RV_IP_AXI_Wrapper_0/inst/rv_core/PROCESSOR/IF_STAGE/IM/Memory_reg_5888_6143_30_30/SP.A/CLK
                         clock pessimism              0.185    13.066    
                         clock uncertainty           -0.160    12.906    
    SLICE_X38Y65         RAMD64E (Setup_H6LUT_SLICEM_CLK_WADR4)
                                                     -0.122    12.784    BD_1_i/RV_IP_AXI_Wrapper_0/inst/rv_core/PROCESSOR/IF_STAGE/IM/Memory_reg_5888_6143_30_30/SP.A
  -------------------------------------------------------------------
                         required time                         12.784    
                         arrival time                         -12.358    
  -------------------------------------------------------------------
                         slack                                  0.426    

Slack (MET) :             0.426ns  (required time - arrival time)
  Source:                 BD_1_i/RV_IP_AXI_Wrapper_0/inst/bram_addra_reg[6]/C
                            (rising edge-triggered cell FDRE clocked by clk_pl_0  {rise@0.000ns fall@5.000ns period=10.000ns})
  Destination:            BD_1_i/RV_IP_AXI_Wrapper_0/inst/rv_core/PROCESSOR/IF_STAGE/IM/Memory_reg_5888_6143_30_30/SP.B/WADR4
                            (rising edge-triggered cell RAMD64E clocked by clk_pl_0  {rise@0.000ns fall@5.000ns period=10.000ns})
  Path Group:             clk_pl_0
  Path Type:              Setup (Max at Slow Process Corner)
  Requirement:            10.000ns  (clk_pl_0 rise@10.000ns - clk_pl_0 rise@0.000ns)
  Data Path Delay:        8.970ns  (logic 0.114ns (1.271%)  route 8.856ns (98.729%))
  Logic Levels:           0  
  Clock Path Skew:        -0.322ns (DCD - SCD + CPR)
    Destination Clock Delay (DCD):    2.881ns = ( 12.881 - 10.000 ) 
    Source Clock Delay      (SCD):    3.388ns
    Clock Pessimism Removal (CPR):    0.185ns
  Clock Uncertainty:      0.160ns  ((TSJ^2 + DJ^2)^1/2) / 2 + PE
    Total System Jitter     (TSJ):    0.071ns
    Discrete Jitter          (DJ):    0.312ns
    Phase Error              (PE):    0.000ns
  Clock Net Delay (Source):      3.121ns (routing 1.584ns, distribution 1.537ns)
  Clock Net Delay (Destination): 2.665ns (routing 1.450ns, distribution 1.215ns)

    Location             Delay type                Incr(ns)  Path(ns)    Netlist Resource(s)
  -------------------------------------------------------------------    -------------------
                         (clock clk_pl_0 rise edge)
                                                      0.000     0.000 r  
    PS8_X0Y0             PS8                          0.000     0.000 r  BD_1_i/zynq_ultra_ps_e_0/inst/PS8_i/PLCLK[0]
                         net (fo=1, routed)           0.229     0.229    BD_1_i/zynq_ultra_ps_e_0/inst/pl_clk_unbuffered[0]
    BUFG_PS_X0Y80        BUFG_PS (Prop_BUFG_PS_I_O)
                                                      0.038     0.267 r  BD_1_i/zynq_ultra_ps_e_0/inst/buffer_pl_clk_0.PL_CLK_0_BUFG/O
    X1Y1 (CLOCK_ROOT)    net (fo=29801, routed)       3.121     3.388    BD_1_i/RV_IP_AXI_Wrapper_0/inst/S_AXI_ACLK
    SLICE_X11Y146        FDRE                                         r  BD_1_i/RV_IP_AXI_Wrapper_0/inst/bram_addra_reg[6]/C
  -------------------------------------------------------------------    -------------------
    SLICE_X11Y146        FDRE (Prop_GFF_SLICEL_C_Q)
                                                      0.114     3.502 r  BD_1_i/RV_IP_AXI_Wrapper_0/inst/bram_addra_reg[6]/Q
                         net (fo=24576, routed)       8.856    12.358    BD_1_i/RV_IP_AXI_Wrapper_0/inst/rv_core/PROCESSOR/IF_STAGE/IM/Memory_reg_5888_6143_30_30/A4
    SLICE_X38Y65         RAMD64E                                      r  BD_1_i/RV_IP_AXI_Wrapper_0/inst/rv_core/PROCESSOR/IF_STAGE/IM/Memory_reg_5888_6143_30_30/SP.B/WADR4
  -------------------------------------------------------------------    -------------------

                         (clock clk_pl_0 rise edge)
                                                     10.000    10.000 r  
    PS8_X0Y0             PS8                          0.000    10.000 r  BD_1_i/zynq_ultra_ps_e_0/inst/PS8_i/PLCLK[0]
                         net (fo=1, routed)           0.181    10.181    BD_1_i/zynq_ultra_ps_e_0/inst/pl_clk_unbuffered[0]
    BUFG_PS_X0Y80        BUFG_PS (Prop_BUFG_PS_I_O)
                                                      0.035    10.216 r  BD_1_i/zynq_ultra_ps_e_0/inst/buffer_pl_clk_0.PL_CLK_0_BUFG/O
    X1Y1 (CLOCK_ROOT)    net (fo=29801, routed)       2.665    12.881    BD_1_i/RV_IP_AXI_Wrapper_0/inst/rv_core/PROCESSOR/IF_STAGE/IM/Memory_reg_5888_6143_30_30/WCLK
    SLICE_X38Y65         RAMD64E                                      r  BD_1_i/RV_IP_AXI_Wrapper_0/inst/rv_core/PROCESSOR/IF_STAGE/IM/Memory_reg_5888_6143_30_30/SP.B/CLK
                         clock pessimism              0.185    13.066    
                         clock uncertainty           -0.160    12.906    
    SLICE_X38Y65         RAMD64E (Setup_G6LUT_SLICEM_CLK_WADR4)
                                                     -0.122    12.784    BD_1_i/RV_IP_AXI_Wrapper_0/inst/rv_core/PROCESSOR/IF_STAGE/IM/Memory_reg_5888_6143_30_30/SP.B
  -------------------------------------------------------------------
                         required time                         12.784    
                         arrival time                         -12.358    
  -------------------------------------------------------------------
                         slack                                  0.426    

Slack (MET) :             0.426ns  (required time - arrival time)
  Source:                 BD_1_i/RV_IP_AXI_Wrapper_0/inst/bram_addra_reg[6]/C
                            (rising edge-triggered cell FDRE clocked by clk_pl_0  {rise@0.000ns fall@5.000ns period=10.000ns})
  Destination:            BD_1_i/RV_IP_AXI_Wrapper_0/inst/rv_core/PROCESSOR/IF_STAGE/IM/Memory_reg_5888_6143_30_30/SP.C/WADR4
                            (rising edge-triggered cell RAMD64E clocked by clk_pl_0  {rise@0.000ns fall@5.000ns period=10.000ns})
  Path Group:             clk_pl_0
  Path Type:              Setup (Max at Slow Process Corner)
  Requirement:            10.000ns  (clk_pl_0 rise@10.000ns - clk_pl_0 rise@0.000ns)
  Data Path Delay:        8.970ns  (logic 0.114ns (1.271%)  route 8.856ns (98.729%))
  Logic Levels:           0  
  Clock Path Skew:        -0.322ns (DCD - SCD + CPR)
    Destination Clock Delay (DCD):    2.881ns = ( 12.881 - 10.000 ) 
    Source Clock Delay      (SCD):    3.388ns
    Clock Pessimism Removal (CPR):    0.185ns
  Clock Uncertainty:      0.160ns  ((TSJ^2 + DJ^2)^1/2) / 2 + PE
    Total System Jitter     (TSJ):    0.071ns
    Discrete Jitter          (DJ):    0.312ns
    Phase Error              (PE):    0.000ns
  Clock Net Delay (Source):      3.121ns (routing 1.584ns, distribution 1.537ns)
  Clock Net Delay (Destination): 2.665ns (routing 1.450ns, distribution 1.215ns)

    Location             Delay type                Incr(ns)  Path(ns)    Netlist Resource(s)
  -------------------------------------------------------------------    -------------------
                         (clock clk_pl_0 rise edge)
                                                      0.000     0.000 r  
    PS8_X0Y0             PS8                          0.000     0.000 r  BD_1_i/zynq_ultra_ps_e_0/inst/PS8_i/PLCLK[0]
                         net (fo=1, routed)           0.229     0.229    BD_1_i/zynq_ultra_ps_e_0/inst/pl_clk_unbuffered[0]
    BUFG_PS_X0Y80        BUFG_PS (Prop_BUFG_PS_I_O)
                                                      0.038     0.267 r  BD_1_i/zynq_ultra_ps_e_0/inst/buffer_pl_clk_0.PL_CLK_0_BUFG/O
    X1Y1 (CLOCK_ROOT)    net (fo=29801, routed)       3.121     3.388    BD_1_i/RV_IP_AXI_Wrapper_0/inst/S_AXI_ACLK
    SLICE_X11Y146        FDRE                                         r  BD_1_i/RV_IP_AXI_Wrapper_0/inst/bram_addra_reg[6]/C
  -------------------------------------------------------------------    -------------------
    SLICE_X11Y146        FDRE (Prop_GFF_SLICEL_C_Q)
                                                      0.114     3.502 r  BD_1_i/RV_IP_AXI_Wrapper_0/inst/bram_addra_reg[6]/Q
                         net (fo=24576, routed)       8.856    12.358    BD_1_i/RV_IP_AXI_Wrapper_0/inst/rv_core/PROCESSOR/IF_STAGE/IM/Memory_reg_5888_6143_30_30/A4
    SLICE_X38Y65         RAMD64E                                      r  BD_1_i/RV_IP_AXI_Wrapper_0/inst/rv_core/PROCESSOR/IF_STAGE/IM/Memory_reg_5888_6143_30_30/SP.C/WADR4
  -------------------------------------------------------------------    -------------------

                         (clock clk_pl_0 rise edge)
                                                     10.000    10.000 r  
    PS8_X0Y0             PS8                          0.000    10.000 r  BD_1_i/zynq_ultra_ps_e_0/inst/PS8_i/PLCLK[0]
                         net (fo=1, routed)           0.181    10.181    BD_1_i/zynq_ultra_ps_e_0/inst/pl_clk_unbuffered[0]
    BUFG_PS_X0Y80        BUFG_PS (Prop_BUFG_PS_I_O)
                                                      0.035    10.216 r  BD_1_i/zynq_ultra_ps_e_0/inst/buffer_pl_clk_0.PL_CLK_0_BUFG/O
    X1Y1 (CLOCK_ROOT)    net (fo=29801, routed)       2.665    12.881    BD_1_i/RV_IP_AXI_Wrapper_0/inst/rv_core/PROCESSOR/IF_STAGE/IM/Memory_reg_5888_6143_30_30/WCLK
    SLICE_X38Y65         RAMD64E                                      r  BD_1_i/RV_IP_AXI_Wrapper_0/inst/rv_core/PROCESSOR/IF_STAGE/IM/Memory_reg_5888_6143_30_30/SP.C/CLK
                         clock pessimism              0.185    13.066    
                         clock uncertainty           -0.160    12.906    
    SLICE_X38Y65         RAMD64E (Setup_F6LUT_SLICEM_CLK_WADR4)
                                                     -0.122    12.784    BD_1_i/RV_IP_AXI_Wrapper_0/inst/rv_core/PROCESSOR/IF_STAGE/IM/Memory_reg_5888_6143_30_30/SP.C
  -------------------------------------------------------------------
                         required time                         12.784    
                         arrival time                         -12.358    
  -------------------------------------------------------------------
                         slack                                  0.426    

Slack (MET) :             0.426ns  (required time - arrival time)
  Source:                 BD_1_i/RV_IP_AXI_Wrapper_0/inst/bram_addra_reg[6]/C
                            (rising edge-triggered cell FDRE clocked by clk_pl_0  {rise@0.000ns fall@5.000ns period=10.000ns})
  Destination:            BD_1_i/RV_IP_AXI_Wrapper_0/inst/rv_core/PROCESSOR/IF_STAGE/IM/Memory_reg_5888_6143_30_30/SP.D/WADR4
                            (rising edge-triggered cell RAMD64E clocked by clk_pl_0  {rise@0.000ns fall@5.000ns period=10.000ns})
  Path Group:             clk_pl_0
  Path Type:              Setup (Max at Slow Process Corner)
  Requirement:            10.000ns  (clk_pl_0 rise@10.000ns - clk_pl_0 rise@0.000ns)
  Data Path Delay:        8.970ns  (logic 0.114ns (1.271%)  route 8.856ns (98.729%))
  Logic Levels:           0  
  Clock Path Skew:        -0.322ns (DCD - SCD + CPR)
    Destination Clock Delay (DCD):    2.881ns = ( 12.881 - 10.000 ) 
    Source Clock Delay      (SCD):    3.388ns
    Clock Pessimism Removal (CPR):    0.185ns
  Clock Uncertainty:      0.160ns  ((TSJ^2 + DJ^2)^1/2) / 2 + PE
    Total System Jitter     (TSJ):    0.071ns
    Discrete Jitter          (DJ):    0.312ns
    Phase Error              (PE):    0.000ns
  Clock Net Delay (Source):      3.121ns (routing 1.584ns, distribution 1.537ns)
  Clock Net Delay (Destination): 2.665ns (routing 1.450ns, distribution 1.215ns)

    Location             Delay type                Incr(ns)  Path(ns)    Netlist Resource(s)
  -------------------------------------------------------------------    -------------------
                         (clock clk_pl_0 rise edge)
                                                      0.000     0.000 r  
    PS8_X0Y0             PS8                          0.000     0.000 r  BD_1_i/zynq_ultra_ps_e_0/inst/PS8_i/PLCLK[0]
                         net (fo=1, routed)           0.229     0.229    BD_1_i/zynq_ultra_ps_e_0/inst/pl_clk_unbuffered[0]
    BUFG_PS_X0Y80        BUFG_PS (Prop_BUFG_PS_I_O)
                                                      0.038     0.267 r  BD_1_i/zynq_ultra_ps_e_0/inst/buffer_pl_clk_0.PL_CLK_0_BUFG/O
    X1Y1 (CLOCK_ROOT)    net (fo=29801, routed)       3.121     3.388    BD_1_i/RV_IP_AXI_Wrapper_0/inst/S_AXI_ACLK
    SLICE_X11Y146        FDRE                                         r  BD_1_i/RV_IP_AXI_Wrapper_0/inst/bram_addra_reg[6]/C
  -------------------------------------------------------------------    -------------------
    SLICE_X11Y146        FDRE (Prop_GFF_SLICEL_C_Q)
                                                      0.114     3.502 r  BD_1_i/RV_IP_AXI_Wrapper_0/inst/bram_addra_reg[6]/Q
                         net (fo=24576, routed)       8.856    12.358    BD_1_i/RV_IP_AXI_Wrapper_0/inst/rv_core/PROCESSOR/IF_STAGE/IM/Memory_reg_5888_6143_30_30/A4
    SLICE_X38Y65         RAMD64E                                      r  BD_1_i/RV_IP_AXI_Wrapper_0/inst/rv_core/PROCESSOR/IF_STAGE/IM/Memory_reg_5888_6143_30_30/SP.D/WADR4
  -------------------------------------------------------------------    -------------------

                         (clock clk_pl_0 rise edge)
                                                     10.000    10.000 r  
    PS8_X0Y0             PS8                          0.000    10.000 r  BD_1_i/zynq_ultra_ps_e_0/inst/PS8_i/PLCLK[0]
                         net (fo=1, routed)           0.181    10.181    BD_1_i/zynq_ultra_ps_e_0/inst/pl_clk_unbuffered[0]
    BUFG_PS_X0Y80        BUFG_PS (Prop_BUFG_PS_I_O)
                                                      0.035    10.216 r  BD_1_i/zynq_ultra_ps_e_0/inst/buffer_pl_clk_0.PL_CLK_0_BUFG/O
    X1Y1 (CLOCK_ROOT)    net (fo=29801, routed)       2.665    12.881    BD_1_i/RV_IP_AXI_Wrapper_0/inst/rv_core/PROCESSOR/IF_STAGE/IM/Memory_reg_5888_6143_30_30/WCLK
    SLICE_X38Y65         RAMD64E                                      r  BD_1_i/RV_IP_AXI_Wrapper_0/inst/rv_core/PROCESSOR/IF_STAGE/IM/Memory_reg_5888_6143_30_30/SP.D/CLK
                         clock pessimism              0.185    13.066    
                         clock uncertainty           -0.160    12.906    
    SLICE_X38Y65         RAMD64E (Setup_E6LUT_SLICEM_CLK_WADR4)
                                                     -0.122    12.784    BD_1_i/RV_IP_AXI_Wrapper_0/inst/rv_core/PROCESSOR/IF_STAGE/IM/Memory_reg_5888_6143_30_30/SP.D
  -------------------------------------------------------------------
                         required time                         12.784    
                         arrival time                         -12.358    
  -------------------------------------------------------------------
                         slack                                  0.426    

Slack (MET) :             0.479ns  (required time - arrival time)
  Source:                 BD_1_i/RV_IP_AXI_Wrapper_0/inst/bram_addra_reg[6]/C
                            (rising edge-triggered cell FDRE clocked by clk_pl_0  {rise@0.000ns fall@5.000ns period=10.000ns})
  Destination:            BD_1_i/RV_IP_AXI_Wrapper_0/inst/rv_core/PROCESSOR/IF_STAGE/IM/Memory_reg_4352_4607_30_30/DP.A/WADR4
                            (rising edge-triggered cell RAMD64E clocked by clk_pl_0  {rise@0.000ns fall@5.000ns period=10.000ns})
  Path Group:             clk_pl_0
  Path Type:              Setup (Max at Slow Process Corner)
  Requirement:            10.000ns  (clk_pl_0 rise@10.000ns - clk_pl_0 rise@0.000ns)
  Data Path Delay:        8.917ns  (logic 0.114ns (1.278%)  route 8.803ns (98.722%))
  Logic Levels:           0  
  Clock Path Skew:        -0.322ns (DCD - SCD + CPR)
    Destination Clock Delay (DCD):    2.881ns = ( 12.881 - 10.000 ) 
    Source Clock Delay      (SCD):    3.388ns
    Clock Pessimism Removal (CPR):    0.185ns
  Clock Uncertainty:      0.160ns  ((TSJ^2 + DJ^2)^1/2) / 2 + PE
    Total System Jitter     (TSJ):    0.071ns
    Discrete Jitter          (DJ):    0.312ns
    Phase Error              (PE):    0.000ns
  Clock Net Delay (Source):      3.121ns (routing 1.584ns, distribution 1.537ns)
  Clock Net Delay (Destination): 2.665ns (routing 1.450ns, distribution 1.215ns)

    Location             Delay type                Incr(ns)  Path(ns)    Netlist Resource(s)
  -------------------------------------------------------------------    -------------------
                         (clock clk_pl_0 rise edge)
                                                      0.000     0.000 r  
    PS8_X0Y0             PS8                          0.000     0.000 r  BD_1_i/zynq_ultra_ps_e_0/inst/PS8_i/PLCLK[0]
                         net (fo=1, routed)           0.229     0.229    BD_1_i/zynq_ultra_ps_e_0/inst/pl_clk_unbuffered[0]
    BUFG_PS_X0Y80        BUFG_PS (Prop_BUFG_PS_I_O)
                                                      0.038     0.267 r  BD_1_i/zynq_ultra_ps_e_0/inst/buffer_pl_clk_0.PL_CLK_0_BUFG/O
    X1Y1 (CLOCK_ROOT)    net (fo=29801, routed)       3.121     3.388    BD_1_i/RV_IP_AXI_Wrapper_0/inst/S_AXI_ACLK
    SLICE_X11Y146        FDRE                                         r  BD_1_i/RV_IP_AXI_Wrapper_0/inst/bram_addra_reg[6]/C
  -------------------------------------------------------------------    -------------------
    SLICE_X11Y146        FDRE (Prop_GFF_SLICEL_C_Q)
                                                      0.114     3.502 r  BD_1_i/RV_IP_AXI_Wrapper_0/inst/bram_addra_reg[6]/Q
                         net (fo=24576, routed)       8.803    12.305    BD_1_i/RV_IP_AXI_Wrapper_0/inst/rv_core/PROCESSOR/IF_STAGE/IM/Memory_reg_4352_4607_30_30/A4
    SLICE_X38Y67         RAMD64E                                      r  BD_1_i/RV_IP_AXI_Wrapper_0/inst/rv_core/PROCESSOR/IF_STAGE/IM/Memory_reg_4352_4607_30_30/DP.A/WADR4
  -------------------------------------------------------------------    -------------------

                         (clock clk_pl_0 rise edge)
                                                     10.000    10.000 r  
    PS8_X0Y0             PS8                          0.000    10.000 r  BD_1_i/zynq_ultra_ps_e_0/inst/PS8_i/PLCLK[0]
                         net (fo=1, routed)           0.181    10.181    BD_1_i/zynq_ultra_ps_e_0/inst/pl_clk_unbuffered[0]
    BUFG_PS_X0Y80        BUFG_PS (Prop_BUFG_PS_I_O)
                                                      0.035    10.216 r  BD_1_i/zynq_ultra_ps_e_0/inst/buffer_pl_clk_0.PL_CLK_0_BUFG/O
    X1Y1 (CLOCK_ROOT)    net (fo=29801, routed)       2.665    12.881    BD_1_i/RV_IP_AXI_Wrapper_0/inst/rv_core/PROCESSOR/IF_STAGE/IM/Memory_reg_4352_4607_30_30/WCLK
    SLICE_X38Y67         RAMD64E                                      r  BD_1_i/RV_IP_AXI_Wrapper_0/inst/rv_core/PROCESSOR/IF_STAGE/IM/Memory_reg_4352_4607_30_30/DP.A/CLK
                         clock pessimism              0.185    13.066    
                         clock uncertainty           -0.160    12.906    
    SLICE_X38Y67         RAMD64E (Setup_D6LUT_SLICEM_CLK_WADR4)
                                                     -0.122    12.784    BD_1_i/RV_IP_AXI_Wrapper_0/inst/rv_core/PROCESSOR/IF_STAGE/IM/Memory_reg_4352_4607_30_30/DP.A
  -------------------------------------------------------------------
                         required time                         12.784    
                         arrival time                         -12.305    
  -------------------------------------------------------------------
                         slack                                  0.479    

Slack (MET) :             0.479ns  (required time - arrival time)
  Source:                 BD_1_i/RV_IP_AXI_Wrapper_0/inst/bram_addra_reg[6]/C
                            (rising edge-triggered cell FDRE clocked by clk_pl_0  {rise@0.000ns fall@5.000ns period=10.000ns})
  Destination:            BD_1_i/RV_IP_AXI_Wrapper_0/inst/rv_core/PROCESSOR/IF_STAGE/IM/Memory_reg_4352_4607_30_30/DP.B/WADR4
                            (rising edge-triggered cell RAMD64E clocked by clk_pl_0  {rise@0.000ns fall@5.000ns period=10.000ns})
  Path Group:             clk_pl_0
  Path Type:              Setup (Max at Slow Process Corner)
  Requirement:            10.000ns  (clk_pl_0 rise@10.000ns - clk_pl_0 rise@0.000ns)
  Data Path Delay:        8.917ns  (logic 0.114ns (1.278%)  route 8.803ns (98.722%))
  Logic Levels:           0  
  Clock Path Skew:        -0.322ns (DCD - SCD + CPR)
    Destination Clock Delay (DCD):    2.881ns = ( 12.881 - 10.000 ) 
    Source Clock Delay      (SCD):    3.388ns
    Clock Pessimism Removal (CPR):    0.185ns
  Clock Uncertainty:      0.160ns  ((TSJ^2 + DJ^2)^1/2) / 2 + PE
    Total System Jitter     (TSJ):    0.071ns
    Discrete Jitter          (DJ):    0.312ns
    Phase Error              (PE):    0.000ns
  Clock Net Delay (Source):      3.121ns (routing 1.584ns, distribution 1.537ns)
  Clock Net Delay (Destination): 2.665ns (routing 1.450ns, distribution 1.215ns)

    Location             Delay type                Incr(ns)  Path(ns)    Netlist Resource(s)
  -------------------------------------------------------------------    -------------------
                         (clock clk_pl_0 rise edge)
                                                      0.000     0.000 r  
    PS8_X0Y0             PS8                          0.000     0.000 r  BD_1_i/zynq_ultra_ps_e_0/inst/PS8_i/PLCLK[0]
                         net (fo=1, routed)           0.229     0.229    BD_1_i/zynq_ultra_ps_e_0/inst/pl_clk_unbuffered[0]
    BUFG_PS_X0Y80        BUFG_PS (Prop_BUFG_PS_I_O)
                                                      0.038     0.267 r  BD_1_i/zynq_ultra_ps_e_0/inst/buffer_pl_clk_0.PL_CLK_0_BUFG/O
    X1Y1 (CLOCK_ROOT)    net (fo=29801, routed)       3.121     3.388    BD_1_i/RV_IP_AXI_Wrapper_0/inst/S_AXI_ACLK
    SLICE_X11Y146        FDRE                                         r  BD_1_i/RV_IP_AXI_Wrapper_0/inst/bram_addra_reg[6]/C
  -------------------------------------------------------------------    -------------------
    SLICE_X11Y146        FDRE (Prop_GFF_SLICEL_C_Q)
                                                      0.114     3.502 r  BD_1_i/RV_IP_AXI_Wrapper_0/inst/bram_addra_reg[6]/Q
                         net (fo=24576, routed)       8.803    12.305    BD_1_i/RV_IP_AXI_Wrapper_0/inst/rv_core/PROCESSOR/IF_STAGE/IM/Memory_reg_4352_4607_30_30/A4
    SLICE_X38Y67         RAMD64E                                      r  BD_1_i/RV_IP_AXI_Wrapper_0/inst/rv_core/PROCESSOR/IF_STAGE/IM/Memory_reg_4352_4607_30_30/DP.B/WADR4
  -------------------------------------------------------------------    -------------------

                         (clock clk_pl_0 rise edge)
                                                     10.000    10.000 r  
    PS8_X0Y0             PS8                          0.000    10.000 r  BD_1_i/zynq_ultra_ps_e_0/inst/PS8_i/PLCLK[0]
                         net (fo=1, routed)           0.181    10.181    BD_1_i/zynq_ultra_ps_e_0/inst/pl_clk_unbuffered[0]
    BUFG_PS_X0Y80        BUFG_PS (Prop_BUFG_PS_I_O)
                                                      0.035    10.216 r  BD_1_i/zynq_ultra_ps_e_0/inst/buffer_pl_clk_0.PL_CLK_0_BUFG/O
    X1Y1 (CLOCK_ROOT)    net (fo=29801, routed)       2.665    12.881    BD_1_i/RV_IP_AXI_Wrapper_0/inst/rv_core/PROCESSOR/IF_STAGE/IM/Memory_reg_4352_4607_30_30/WCLK
    SLICE_X38Y67         RAMD64E                                      r  BD_1_i/RV_IP_AXI_Wrapper_0/inst/rv_core/PROCESSOR/IF_STAGE/IM/Memory_reg_4352_4607_30_30/DP.B/CLK
                         clock pessimism              0.185    13.066    
                         clock uncertainty           -0.160    12.906    
    SLICE_X38Y67         RAMD64E (Setup_C6LUT_SLICEM_CLK_WADR4)
                                                     -0.122    12.784    BD_1_i/RV_IP_AXI_Wrapper_0/inst/rv_core/PROCESSOR/IF_STAGE/IM/Memory_reg_4352_4607_30_30/DP.B
  -------------------------------------------------------------------
                         required time                         12.784    
                         arrival time                         -12.305    
  -------------------------------------------------------------------
                         slack                                  0.479    





Min Delay Paths
--------------------------------------------------------------------------------------
Slack (MET) :             0.012ns  (arrival time - required time)
  Source:                 BD_1_i/ps8_0_axi_periph/s00_couplers/auto_ds/inst/gen_downsizer.gen_simple_downsizer.axi_downsizer_inst/USE_WRITE.write_addr_inst/cmd_queue/inst/fifo_gen_inst/inst_fifo_gen/gconvfifo.rf/grf.rf/gntv_or_sync_fifo.mem/gdm.dm_gen.dm/gpr1.dout_i_reg[25]/C
                            (rising edge-triggered cell FDRE clocked by clk_pl_0  {rise@0.000ns fall@5.000ns period=10.000ns})
  Destination:            BD_1_i/ps8_0_axi_periph/s00_couplers/auto_ds/inst/gen_downsizer.gen_simple_downsizer.axi_downsizer_inst/USE_WRITE.write_addr_inst/cmd_queue/inst/fifo_gen_inst/inst_fifo_gen/gconvfifo.rf/grf.rf/gntv_or_sync_fifo.mem/goreg_dm.dout_i_reg[25]/D
                            (rising edge-triggered cell FDRE clocked by clk_pl_0  {rise@0.000ns fall@5.000ns period=10.000ns})
  Path Group:             clk_pl_0
  Path Type:              Hold (Min at Slow Process Corner)
  Requirement:            0.000ns  (clk_pl_0 rise@0.000ns - clk_pl_0 rise@0.000ns)
  Data Path Delay:        0.208ns  (logic 0.111ns (53.365%)  route 0.097ns (46.635%))
  Logic Levels:           0  
  Clock Path Skew:        0.093ns (DCD - SCD - CPR)
    Destination Clock Delay (DCD):    3.379ns
    Source Clock Delay      (SCD):    3.046ns
    Clock Pessimism Removal (CPR):    0.240ns
  Clock Net Delay (Source):      2.830ns (routing 1.450ns, distribution 1.380ns)
  Clock Net Delay (Destination): 3.112ns (routing 1.584ns, distribution 1.528ns)

    Location             Delay type                Incr(ns)  Path(ns)    Netlist Resource(s)
  -------------------------------------------------------------------    -------------------
                         (clock clk_pl_0 rise edge)
                                                      0.000     0.000 r  
    PS8_X0Y0             PS8                          0.000     0.000 r  BD_1_i/zynq_ultra_ps_e_0/inst/PS8_i/PLCLK[0]
                         net (fo=1, routed)           0.181     0.181    BD_1_i/zynq_ultra_ps_e_0/inst/pl_clk_unbuffered[0]
    BUFG_PS_X0Y80        BUFG_PS (Prop_BUFG_PS_I_O)
                                                      0.035     0.216 r  BD_1_i/zynq_ultra_ps_e_0/inst/buffer_pl_clk_0.PL_CLK_0_BUFG/O
    X1Y1 (CLOCK_ROOT)    net (fo=29801, routed)       2.830     3.046    BD_1_i/ps8_0_axi_periph/s00_couplers/auto_ds/inst/gen_downsizer.gen_simple_downsizer.axi_downsizer_inst/USE_WRITE.write_addr_inst/cmd_queue/inst/fifo_gen_inst/inst_fifo_gen/gconvfifo.rf/grf.rf/gntv_or_sync_fifo.mem/gdm.dm_gen.dm/clk
    SLICE_X4Y83          FDRE                                         r  BD_1_i/ps8_0_axi_periph/s00_couplers/auto_ds/inst/gen_downsizer.gen_simple_downsizer.axi_downsizer_inst/USE_WRITE.write_addr_inst/cmd_queue/inst/fifo_gen_inst/inst_fifo_gen/gconvfifo.rf/grf.rf/gntv_or_sync_fifo.mem/gdm.dm_gen.dm/gpr1.dout_i_reg[25]/C
  -------------------------------------------------------------------    -------------------
    SLICE_X4Y83          FDRE (Prop_FFF_SLICEM_C_Q)
                                                      0.111     3.157 r  BD_1_i/ps8_0_axi_periph/s00_couplers/auto_ds/inst/gen_downsizer.gen_simple_downsizer.axi_downsizer_inst/USE_WRITE.write_addr_inst/cmd_queue/inst/fifo_gen_inst/inst_fifo_gen/gconvfifo.rf/grf.rf/gntv_or_sync_fifo.mem/gdm.dm_gen.dm/gpr1.dout_i_reg[25]/Q
                         net (fo=1, routed)           0.097     3.254    BD_1_i/ps8_0_axi_periph/s00_couplers/auto_ds/inst/gen_downsizer.gen_simple_downsizer.axi_downsizer_inst/USE_WRITE.write_addr_inst/cmd_queue/inst/fifo_gen_inst/inst_fifo_gen/gconvfifo.rf/grf.rf/gntv_or_sync_fifo.mem/dout_i[25]
    SLICE_X3Y83          FDRE                                         r  BD_1_i/ps8_0_axi_periph/s00_couplers/auto_ds/inst/gen_downsizer.gen_simple_downsizer.axi_downsizer_inst/USE_WRITE.write_addr_inst/cmd_queue/inst/fifo_gen_inst/inst_fifo_gen/gconvfifo.rf/grf.rf/gntv_or_sync_fifo.mem/goreg_dm.dout_i_reg[25]/D
  -------------------------------------------------------------------    -------------------

                         (clock clk_pl_0 rise edge)
                                                      0.000     0.000 r  
    PS8_X0Y0             PS8                          0.000     0.000 r  BD_1_i/zynq_ultra_ps_e_0/inst/PS8_i/PLCLK[0]
                         net (fo=1, routed)           0.229     0.229    BD_1_i/zynq_ultra_ps_e_0/inst/pl_clk_unbuffered[0]
    BUFG_PS_X0Y80        BUFG_PS (Prop_BUFG_PS_I_O)
                                                      0.038     0.267 r  BD_1_i/zynq_ultra_ps_e_0/inst/buffer_pl_clk_0.PL_CLK_0_BUFG/O
    X1Y1 (CLOCK_ROOT)    net (fo=29801, routed)       3.112     3.379    BD_1_i/ps8_0_axi_periph/s00_couplers/auto_ds/inst/gen_downsizer.gen_simple_downsizer.axi_downsizer_inst/USE_WRITE.write_addr_inst/cmd_queue/inst/fifo_gen_inst/inst_fifo_gen/gconvfifo.rf/grf.rf/gntv_or_sync_fifo.mem/clk
    SLICE_X3Y83          FDRE                                         r  BD_1_i/ps8_0_axi_periph/s00_couplers/auto_ds/inst/gen_downsizer.gen_simple_downsizer.axi_downsizer_inst/USE_WRITE.write_addr_inst/cmd_queue/inst/fifo_gen_inst/inst_fifo_gen/gconvfifo.rf/grf.rf/gntv_or_sync_fifo.mem/goreg_dm.dout_i_reg[25]/C
                         clock pessimism             -0.240     3.139    
    SLICE_X3Y83          FDRE (Hold_GFF2_SLICEL_C_D)
                                                      0.103     3.242    BD_1_i/ps8_0_axi_periph/s00_couplers/auto_ds/inst/gen_downsizer.gen_simple_downsizer.axi_downsizer_inst/USE_WRITE.write_addr_inst/cmd_queue/inst/fifo_gen_inst/inst_fifo_gen/gconvfifo.rf/grf.rf/gntv_or_sync_fifo.mem/goreg_dm.dout_i_reg[25]
  -------------------------------------------------------------------
                         required time                         -3.242    
                         arrival time                           3.254    
  -------------------------------------------------------------------
                         slack                                  0.012    

Slack (MET) :             0.013ns  (arrival time - required time)
  Source:                 BD_1_i/ps8_0_axi_periph/s01_couplers/auto_ds/inst/gen_downsizer.gen_simple_downsizer.axi_downsizer_inst/USE_READ.read_addr_inst/cmd_queue/inst/fifo_gen_inst/inst_fifo_gen/gconvfifo.rf/grf.rf/gntv_or_sync_fifo.mem/gdm.dm_gen.dm/gpr1.dout_i_reg[14]/C
                            (rising edge-triggered cell FDRE clocked by clk_pl_0  {rise@0.000ns fall@5.000ns period=10.000ns})
  Destination:            BD_1_i/ps8_0_axi_periph/s01_couplers/auto_ds/inst/gen_downsizer.gen_simple_downsizer.axi_downsizer_inst/USE_READ.read_addr_inst/cmd_queue/inst/fifo_gen_inst/inst_fifo_gen/gconvfifo.rf/grf.rf/gntv_or_sync_fifo.mem/goreg_dm.dout_i_reg[14]/D
                            (rising edge-triggered cell FDRE clocked by clk_pl_0  {rise@0.000ns fall@5.000ns period=10.000ns})
  Path Group:             clk_pl_0
  Path Type:              Hold (Min at Slow Process Corner)
  Requirement:            0.000ns  (clk_pl_0 rise@0.000ns - clk_pl_0 rise@0.000ns)
  Data Path Delay:        0.240ns  (logic 0.114ns (47.500%)  route 0.126ns (52.500%))
  Logic Levels:           0  
  Clock Path Skew:        0.124ns (DCD - SCD - CPR)
    Destination Clock Delay (DCD):    3.476ns
    Source Clock Delay      (SCD):    3.113ns
    Clock Pessimism Removal (CPR):    0.238ns
  Clock Net Delay (Source):      2.897ns (routing 1.450ns, distribution 1.447ns)
  Clock Net Delay (Destination): 3.209ns (routing 1.584ns, distribution 1.625ns)

    Location             Delay type                Incr(ns)  Path(ns)    Netlist Resource(s)
  -------------------------------------------------------------------    -------------------
                         (clock clk_pl_0 rise edge)
                                                      0.000     0.000 r  
    PS8_X0Y0             PS8                          0.000     0.000 r  BD_1_i/zynq_ultra_ps_e_0/inst/PS8_i/PLCLK[0]
                         net (fo=1, routed)           0.181     0.181    BD_1_i/zynq_ultra_ps_e_0/inst/pl_clk_unbuffered[0]
    BUFG_PS_X0Y80        BUFG_PS (Prop_BUFG_PS_I_O)
                                                      0.035     0.216 r  BD_1_i/zynq_ultra_ps_e_0/inst/buffer_pl_clk_0.PL_CLK_0_BUFG/O
    X1Y1 (CLOCK_ROOT)    net (fo=29801, routed)       2.897     3.113    BD_1_i/ps8_0_axi_periph/s01_couplers/auto_ds/inst/gen_downsizer.gen_simple_downsizer.axi_downsizer_inst/USE_READ.read_addr_inst/cmd_queue/inst/fifo_gen_inst/inst_fifo_gen/gconvfifo.rf/grf.rf/gntv_or_sync_fifo.mem/gdm.dm_gen.dm/clk
    SLICE_X4Y185         FDRE                                         r  BD_1_i/ps8_0_axi_periph/s01_couplers/auto_ds/inst/gen_downsizer.gen_simple_downsizer.axi_downsizer_inst/USE_READ.read_addr_inst/cmd_queue/inst/fifo_gen_inst/inst_fifo_gen/gconvfifo.rf/grf.rf/gntv_or_sync_fifo.mem/gdm.dm_gen.dm/gpr1.dout_i_reg[14]/C
  -------------------------------------------------------------------    -------------------
    SLICE_X4Y185         FDRE (Prop_AFF2_SLICEM_C_Q)
                                                      0.114     3.227 r  BD_1_i/ps8_0_axi_periph/s01_couplers/auto_ds/inst/gen_downsizer.gen_simple_downsizer.axi_downsizer_inst/USE_READ.read_addr_inst/cmd_queue/inst/fifo_gen_inst/inst_fifo_gen/gconvfifo.rf/grf.rf/gntv_or_sync_fifo.mem/gdm.dm_gen.dm/gpr1.dout_i_reg[14]/Q
                         net (fo=1, routed)           0.126     3.353    BD_1_i/ps8_0_axi_periph/s01_couplers/auto_ds/inst/gen_downsizer.gen_simple_downsizer.axi_downsizer_inst/USE_READ.read_addr_inst/cmd_queue/inst/fifo_gen_inst/inst_fifo_gen/gconvfifo.rf/grf.rf/gntv_or_sync_fifo.mem/dout_i[14]
    SLICE_X3Y186         FDRE                                         r  BD_1_i/ps8_0_axi_periph/s01_couplers/auto_ds/inst/gen_downsizer.gen_simple_downsizer.axi_downsizer_inst/USE_READ.read_addr_inst/cmd_queue/inst/fifo_gen_inst/inst_fifo_gen/gconvfifo.rf/grf.rf/gntv_or_sync_fifo.mem/goreg_dm.dout_i_reg[14]/D
  -------------------------------------------------------------------    -------------------

                         (clock clk_pl_0 rise edge)
                                                      0.000     0.000 r  
    PS8_X0Y0             PS8                          0.000     0.000 r  BD_1_i/zynq_ultra_ps_e_0/inst/PS8_i/PLCLK[0]
                         net (fo=1, routed)           0.229     0.229    BD_1_i/zynq_ultra_ps_e_0/inst/pl_clk_unbuffered[0]
    BUFG_PS_X0Y80        BUFG_PS (Prop_BUFG_PS_I_O)
                                                      0.038     0.267 r  BD_1_i/zynq_ultra_ps_e_0/inst/buffer_pl_clk_0.PL_CLK_0_BUFG/O
    X1Y1 (CLOCK_ROOT)    net (fo=29801, routed)       3.209     3.476    BD_1_i/ps8_0_axi_periph/s01_couplers/auto_ds/inst/gen_downsizer.gen_simple_downsizer.axi_downsizer_inst/USE_READ.read_addr_inst/cmd_queue/inst/fifo_gen_inst/inst_fifo_gen/gconvfifo.rf/grf.rf/gntv_or_sync_fifo.mem/clk
    SLICE_X3Y186         FDRE                                         r  BD_1_i/ps8_0_axi_periph/s01_couplers/auto_ds/inst/gen_downsizer.gen_simple_downsizer.axi_downsizer_inst/USE_READ.read_addr_inst/cmd_queue/inst/fifo_gen_inst/inst_fifo_gen/gconvfifo.rf/grf.rf/gntv_or_sync_fifo.mem/goreg_dm.dout_i_reg[14]/C
                         clock pessimism             -0.238     3.238    
    SLICE_X3Y186         FDRE (Hold_FFF2_SLICEL_C_D)
                                                      0.103     3.341    BD_1_i/ps8_0_axi_periph/s01_couplers/auto_ds/inst/gen_downsizer.gen_simple_downsizer.axi_downsizer_inst/USE_READ.read_addr_inst/cmd_queue/inst/fifo_gen_inst/inst_fifo_gen/gconvfifo.rf/grf.rf/gntv_or_sync_fifo.mem/goreg_dm.dout_i_reg[14]
  -------------------------------------------------------------------
                         required time                         -3.341    
                         arrival time                           3.353    
  -------------------------------------------------------------------
                         slack                                  0.013    

Slack (MET) :             0.013ns  (arrival time - required time)
  Source:                 BD_1_i/RV_IP_AXI_Wrapper_0/inst/rv_core/PROCESSOR/EX_STAGE/ALUResult_reg[7]_rep__17/C
                            (rising edge-triggered cell FDRE clocked by clk_pl_0  {rise@0.000ns fall@5.000ns period=10.000ns})
  Destination:            BD_1_i/RV_IP_AXI_Wrapper_0/inst/rv_core/DMEM/Memory_reg_15360_15871_16_16/RAMS64E1_G/ADR5
                            (rising edge-triggered cell RAMS64E1 clocked by clk_pl_0  {rise@0.000ns fall@5.000ns period=10.000ns})
  Path Group:             clk_pl_0
  Path Type:              Hold (Min at Slow Process Corner)
  Requirement:            0.000ns  (clk_pl_0 rise@0.000ns - clk_pl_0 rise@0.000ns)
  Data Path Delay:        0.274ns  (logic 0.115ns (41.913%)  route 0.159ns (58.087%))
  Logic Levels:           0  
  Clock Path Skew:        0.136ns (DCD - SCD - CPR)
    Destination Clock Delay (DCD):    3.421ns
    Source Clock Delay      (SCD):    3.040ns
    Clock Pessimism Removal (CPR):    0.244ns
  Clock Net Delay (Source):      2.824ns (routing 1.450ns, distribution 1.374ns)
  Clock Net Delay (Destination): 3.154ns (routing 1.584ns, distribution 1.570ns)

    Location             Delay type                Incr(ns)  Path(ns)    Netlist Resource(s)
  -------------------------------------------------------------------    -------------------
                         (clock clk_pl_0 rise edge)
                                                      0.000     0.000 r  
    PS8_X0Y0             PS8                          0.000     0.000 r  BD_1_i/zynq_ultra_ps_e_0/inst/PS8_i/PLCLK[0]
                         net (fo=1, routed)           0.181     0.181    BD_1_i/zynq_ultra_ps_e_0/inst/pl_clk_unbuffered[0]
    BUFG_PS_X0Y80        BUFG_PS (Prop_BUFG_PS_I_O)
                                                      0.035     0.216 r  BD_1_i/zynq_ultra_ps_e_0/inst/buffer_pl_clk_0.PL_CLK_0_BUFG/O
    X1Y1 (CLOCK_ROOT)    net (fo=29801, routed)       2.824     3.040    BD_1_i/RV_IP_AXI_Wrapper_0/inst/rv_core/PROCESSOR/EX_STAGE/S_AXI_ACLK
    SLICE_X15Y153        FDRE                                         r  BD_1_i/RV_IP_AXI_Wrapper_0/inst/rv_core/PROCESSOR/EX_STAGE/ALUResult_reg[7]_rep__17/C
  -------------------------------------------------------------------    -------------------
    SLICE_X15Y153        FDRE (Prop_FFF2_SLICEL_C_Q)
                                                      0.115     3.155 r  BD_1_i/RV_IP_AXI_Wrapper_0/inst/rv_core/PROCESSOR/EX_STAGE/ALUResult_reg[7]_rep__17/Q
                         net (fo=256, routed)         0.159     3.314    BD_1_i/RV_IP_AXI_Wrapper_0/inst/rv_core/DMEM/Memory_reg_15360_15871_16_16/A5
    SLICE_X13Y153        RAMS64E1                                     r  BD_1_i/RV_IP_AXI_Wrapper_0/inst/rv_core/DMEM/Memory_reg_15360_15871_16_16/RAMS64E1_G/ADR5
  -------------------------------------------------------------------    -------------------

                         (clock clk_pl_0 rise edge)
                                                      0.000     0.000 r  
    PS8_X0Y0             PS8                          0.000     0.000 r  BD_1_i/zynq_ultra_ps_e_0/inst/PS8_i/PLCLK[0]
                         net (fo=1, routed)           0.229     0.229    BD_1_i/zynq_ultra_ps_e_0/inst/pl_clk_unbuffered[0]
    BUFG_PS_X0Y80        BUFG_PS (Prop_BUFG_PS_I_O)
                                                      0.038     0.267 r  BD_1_i/zynq_ultra_ps_e_0/inst/buffer_pl_clk_0.PL_CLK_0_BUFG/O
    X1Y1 (CLOCK_ROOT)    net (fo=29801, routed)       3.154     3.421    BD_1_i/RV_IP_AXI_Wrapper_0/inst/rv_core/DMEM/Memory_reg_15360_15871_16_16/WCLK
    SLICE_X13Y153        RAMS64E1                                     r  BD_1_i/RV_IP_AXI_Wrapper_0/inst/rv_core/DMEM/Memory_reg_15360_15871_16_16/RAMS64E1_G/CLK
                         clock pessimism             -0.244     3.177    
    SLICE_X13Y153        RAMS64E1 (Hold_G6LUT_SLICEM_CLK_ADR5)
                                                      0.125     3.302    BD_1_i/RV_IP_AXI_Wrapper_0/inst/rv_core/DMEM/Memory_reg_15360_15871_16_16/RAMS64E1_G
  -------------------------------------------------------------------
                         required time                         -3.302    
                         arrival time                           3.314    
  -------------------------------------------------------------------
                         slack                                  0.013    

Slack (MET) :             0.013ns  (arrival time - required time)
  Source:                 BD_1_i/RV_IP_AXI_Wrapper_0/inst/rv_core/PROCESSOR/EX_STAGE/ALUResult_reg[2]_rep__8/C
                            (rising edge-triggered cell FDRE clocked by clk_pl_0  {rise@0.000ns fall@5.000ns period=10.000ns})
  Destination:            BD_1_i/RV_IP_AXI_Wrapper_0/inst/rv_core/DMEM/Memory_reg_13824_14335_6_6/RAMS64E1_G/ADR0
                            (rising edge-triggered cell RAMS64E1 clocked by clk_pl_0  {rise@0.000ns fall@5.000ns period=10.000ns})
  Path Group:             clk_pl_0
  Path Type:              Hold (Min at Slow Process Corner)
  Requirement:            0.000ns  (clk_pl_0 rise@0.000ns - clk_pl_0 rise@0.000ns)
  Data Path Delay:        0.310ns  (logic 0.114ns (36.768%)  route 0.196ns (63.232%))
  Logic Levels:           0  
  Clock Path Skew:        0.181ns (DCD - SCD - CPR)
    Destination Clock Delay (DCD):    3.515ns
    Source Clock Delay      (SCD):    3.090ns
    Clock Pessimism Removal (CPR):    0.244ns
  Clock Net Delay (Source):      2.874ns (routing 1.450ns, distribution 1.424ns)
  Clock Net Delay (Destination): 3.248ns (routing 1.584ns, distribution 1.664ns)

    Location             Delay type                Incr(ns)  Path(ns)    Netlist Resource(s)
  -------------------------------------------------------------------    -------------------
                         (clock clk_pl_0 rise edge)
                                                      0.000     0.000 r  
    PS8_X0Y0             PS8                          0.000     0.000 r  BD_1_i/zynq_ultra_ps_e_0/inst/PS8_i/PLCLK[0]
                         net (fo=1, routed)           0.181     0.181    BD_1_i/zynq_ultra_ps_e_0/inst/pl_clk_unbuffered[0]
    BUFG_PS_X0Y80        BUFG_PS (Prop_BUFG_PS_I_O)
                                                      0.035     0.216 r  BD_1_i/zynq_ultra_ps_e_0/inst/buffer_pl_clk_0.PL_CLK_0_BUFG/O
    X1Y1 (CLOCK_ROOT)    net (fo=29801, routed)       2.874     3.090    BD_1_i/RV_IP_AXI_Wrapper_0/inst/rv_core/PROCESSOR/EX_STAGE/S_AXI_ACLK
    SLICE_X6Y124         FDRE                                         r  BD_1_i/RV_IP_AXI_Wrapper_0/inst/rv_core/PROCESSOR/EX_STAGE/ALUResult_reg[2]_rep__8/C
  -------------------------------------------------------------------    -------------------
    SLICE_X6Y124         FDRE (Prop_EFF2_SLICEL_C_Q)
                                                      0.114     3.204 r  BD_1_i/RV_IP_AXI_Wrapper_0/inst/rv_core/PROCESSOR/EX_STAGE/ALUResult_reg[2]_rep__8/Q
                         net (fo=128, routed)         0.196     3.400    BD_1_i/RV_IP_AXI_Wrapper_0/inst/rv_core/DMEM/Memory_reg_13824_14335_6_6/A0
    SLICE_X8Y123         RAMS64E1                                     r  BD_1_i/RV_IP_AXI_Wrapper_0/inst/rv_core/DMEM/Memory_reg_13824_14335_6_6/RAMS64E1_G/ADR0
  -------------------------------------------------------------------    -------------------

                         (clock clk_pl_0 rise edge)
                                                      0.000     0.000 r  
    PS8_X0Y0             PS8                          0.000     0.000 r  BD_1_i/zynq_ultra_ps_e_0/inst/PS8_i/PLCLK[0]
                         net (fo=1, routed)           0.229     0.229    BD_1_i/zynq_ultra_ps_e_0/inst/pl_clk_unbuffered[0]
    BUFG_PS_X0Y80        BUFG_PS (Prop_BUFG_PS_I_O)
                                                      0.038     0.267 r  BD_1_i/zynq_ultra_ps_e_0/inst/buffer_pl_clk_0.PL_CLK_0_BUFG/O
    X1Y1 (CLOCK_ROOT)    net (fo=29801, routed)       3.248     3.515    BD_1_i/RV_IP_AXI_Wrapper_0/inst/rv_core/DMEM/Memory_reg_13824_14335_6_6/WCLK
    SLICE_X8Y123         RAMS64E1                                     r  BD_1_i/RV_IP_AXI_Wrapper_0/inst/rv_core/DMEM/Memory_reg_13824_14335_6_6/RAMS64E1_G/CLK
                         clock pessimism             -0.244     3.271    
    SLICE_X8Y123         RAMS64E1 (Hold_G6LUT_SLICEM_CLK_ADR0)
                                                      0.116     3.387    BD_1_i/RV_IP_AXI_Wrapper_0/inst/rv_core/DMEM/Memory_reg_13824_14335_6_6/RAMS64E1_G
  -------------------------------------------------------------------
                         required time                         -3.387    
                         arrival time                           3.400    
  -------------------------------------------------------------------
                         slack                                  0.013    

Slack (MET) :             0.014ns  (arrival time - required time)
  Source:                 BD_1_i/ps8_0_axi_periph/s01_couplers/auto_ds/inst/gen_downsizer.gen_simple_downsizer.axi_downsizer_inst/USE_READ.read_addr_inst/cmd_queue/inst/fifo_gen_inst/inst_fifo_gen/gconvfifo.rf/grf.rf/gntv_or_sync_fifo.mem/gdm.dm_gen.dm/gpr1.dout_i_reg[2]/C
                            (rising edge-triggered cell FDRE clocked by clk_pl_0  {rise@0.000ns fall@5.000ns period=10.000ns})
  Destination:            BD_1_i/ps8_0_axi_periph/s01_couplers/auto_ds/inst/gen_downsizer.gen_simple_downsizer.axi_downsizer_inst/USE_READ.read_addr_inst/cmd_queue/inst/fifo_gen_inst/inst_fifo_gen/gconvfifo.rf/grf.rf/gntv_or_sync_fifo.mem/goreg_dm.dout_i_reg[2]/D
                            (rising edge-triggered cell FDRE clocked by clk_pl_0  {rise@0.000ns fall@5.000ns period=10.000ns})
  Path Group:             clk_pl_0
  Path Type:              Hold (Min at Slow Process Corner)
  Requirement:            0.000ns  (clk_pl_0 rise@0.000ns - clk_pl_0 rise@0.000ns)
  Data Path Delay:        0.244ns  (logic 0.114ns (46.721%)  route 0.130ns (53.279%))
  Logic Levels:           0  
  Clock Path Skew:        0.130ns (DCD - SCD - CPR)
    Destination Clock Delay (DCD):    3.482ns
    Source Clock Delay      (SCD):    3.113ns
    Clock Pessimism Removal (CPR):    0.238ns
  Clock Net Delay (Source):      2.897ns (routing 1.450ns, distribution 1.447ns)
  Clock Net Delay (Destination): 3.215ns (routing 1.584ns, distribution 1.631ns)

    Location             Delay type                Incr(ns)  Path(ns)    Netlist Resource(s)
  -------------------------------------------------------------------    -------------------
                         (clock clk_pl_0 rise edge)
                                                      0.000     0.000 r  
    PS8_X0Y0             PS8                          0.000     0.000 r  BD_1_i/zynq_ultra_ps_e_0/inst/PS8_i/PLCLK[0]
                         net (fo=1, routed)           0.181     0.181    BD_1_i/zynq_ultra_ps_e_0/inst/pl_clk_unbuffered[0]
    BUFG_PS_X0Y80        BUFG_PS (Prop_BUFG_PS_I_O)
                                                      0.035     0.216 r  BD_1_i/zynq_ultra_ps_e_0/inst/buffer_pl_clk_0.PL_CLK_0_BUFG/O
    X1Y1 (CLOCK_ROOT)    net (fo=29801, routed)       2.897     3.113    BD_1_i/ps8_0_axi_periph/s01_couplers/auto_ds/inst/gen_downsizer.gen_simple_downsizer.axi_downsizer_inst/USE_READ.read_addr_inst/cmd_queue/inst/fifo_gen_inst/inst_fifo_gen/gconvfifo.rf/grf.rf/gntv_or_sync_fifo.mem/gdm.dm_gen.dm/clk
    SLICE_X4Y186         FDRE                                         r  BD_1_i/ps8_0_axi_periph/s01_couplers/auto_ds/inst/gen_downsizer.gen_simple_downsizer.axi_downsizer_inst/USE_READ.read_addr_inst/cmd_queue/inst/fifo_gen_inst/inst_fifo_gen/gconvfifo.rf/grf.rf/gntv_or_sync_fifo.mem/gdm.dm_gen.dm/gpr1.dout_i_reg[2]/C
  -------------------------------------------------------------------    -------------------
    SLICE_X4Y186         FDRE (Prop_BFF2_SLICEM_C_Q)
                                                      0.114     3.227 r  BD_1_i/ps8_0_axi_periph/s01_couplers/auto_ds/inst/gen_downsizer.gen_simple_downsizer.axi_downsizer_inst/USE_READ.read_addr_inst/cmd_queue/inst/fifo_gen_inst/inst_fifo_gen/gconvfifo.rf/grf.rf/gntv_or_sync_fifo.mem/gdm.dm_gen.dm/gpr1.dout_i_reg[2]/Q
                         net (fo=1, routed)           0.130     3.357    BD_1_i/ps8_0_axi_periph/s01_couplers/auto_ds/inst/gen_downsizer.gen_simple_downsizer.axi_downsizer_inst/USE_READ.read_addr_inst/cmd_queue/inst/fifo_gen_inst/inst_fifo_gen/gconvfifo.rf/grf.rf/gntv_or_sync_fifo.mem/dout_i[2]
    SLICE_X2Y186         FDRE                                         r  BD_1_i/ps8_0_axi_periph/s01_couplers/auto_ds/inst/gen_downsizer.gen_simple_downsizer.axi_downsizer_inst/USE_READ.read_addr_inst/cmd_queue/inst/fifo_gen_inst/inst_fifo_gen/gconvfifo.rf/grf.rf/gntv_or_sync_fifo.mem/goreg_dm.dout_i_reg[2]/D
  -------------------------------------------------------------------    -------------------

                         (clock clk_pl_0 rise edge)
                                                      0.000     0.000 r  
    PS8_X0Y0             PS8                          0.000     0.000 r  BD_1_i/zynq_ultra_ps_e_0/inst/PS8_i/PLCLK[0]
                         net (fo=1, routed)           0.229     0.229    BD_1_i/zynq_ultra_ps_e_0/inst/pl_clk_unbuffered[0]
    BUFG_PS_X0Y80        BUFG_PS (Prop_BUFG_PS_I_O)
                                                      0.038     0.267 r  BD_1_i/zynq_ultra_ps_e_0/inst/buffer_pl_clk_0.PL_CLK_0_BUFG/O
    X1Y1 (CLOCK_ROOT)    net (fo=29801, routed)       3.215     3.482    BD_1_i/ps8_0_axi_periph/s01_couplers/auto_ds/inst/gen_downsizer.gen_simple_downsizer.axi_downsizer_inst/USE_READ.read_addr_inst/cmd_queue/inst/fifo_gen_inst/inst_fifo_gen/gconvfifo.rf/grf.rf/gntv_or_sync_fifo.mem/clk
    SLICE_X2Y186         FDRE                                         r  BD_1_i/ps8_0_axi_periph/s01_couplers/auto_ds/inst/gen_downsizer.gen_simple_downsizer.axi_downsizer_inst/USE_READ.read_addr_inst/cmd_queue/inst/fifo_gen_inst/inst_fifo_gen/gconvfifo.rf/grf.rf/gntv_or_sync_fifo.mem/goreg_dm.dout_i_reg[2]/C
                         clock pessimism             -0.238     3.244    
    SLICE_X2Y186         FDRE (Hold_GFF_SLICEM_C_D)
                                                      0.100     3.344    BD_1_i/ps8_0_axi_periph/s01_couplers/auto_ds/inst/gen_downsizer.gen_simple_downsizer.axi_downsizer_inst/USE_READ.read_addr_inst/cmd_queue/inst/fifo_gen_inst/inst_fifo_gen/gconvfifo.rf/grf.rf/gntv_or_sync_fifo.mem/goreg_dm.dout_i_reg[2]
  -------------------------------------------------------------------
                         required time                         -3.344    
                         arrival time                           3.357    
  -------------------------------------------------------------------
                         slack                                  0.014    

Slack (MET) :             0.015ns  (arrival time - required time)
  Source:                 BD_1_i/RV_IP_AXI_Wrapper_0/inst/bram_dina_reg[17]_rep__1/C
                            (rising edge-triggered cell FDRE clocked by clk_pl_0  {rise@0.000ns fall@5.000ns period=10.000ns})
  Destination:            BD_1_i/RV_IP_AXI_Wrapper_0/inst/rv_core/PROCESSOR/IF_STAGE/IM/Memory_reg_0_255_17_17/SP.B/I
                            (rising edge-triggered cell RAMD64E clocked by clk_pl_0  {rise@0.000ns fall@5.000ns period=10.000ns})
  Path Group:             clk_pl_0
  Path Type:              Hold (Min at Slow Process Corner)
  Requirement:            0.000ns  (clk_pl_0 rise@0.000ns - clk_pl_0 rise@0.000ns)
  Data Path Delay:        0.257ns  (logic 0.112ns (43.614%)  route 0.145ns (56.386%))
  Logic Levels:           0  
  Clock Path Skew:        0.138ns (DCD - SCD - CPR)
    Destination Clock Delay (DCD):    3.385ns
    Source Clock Delay      (SCD):    3.013ns
    Clock Pessimism Removal (CPR):    0.234ns
  Clock Net Delay (Source):      2.797ns (routing 1.450ns, distribution 1.347ns)
  Clock Net Delay (Destination): 3.118ns (routing 1.584ns, distribution 1.534ns)

    Location             Delay type                Incr(ns)  Path(ns)    Netlist Resource(s)
  -------------------------------------------------------------------    -------------------
                         (clock clk_pl_0 rise edge)
                                                      0.000     0.000 r  
    PS8_X0Y0             PS8                          0.000     0.000 r  BD_1_i/zynq_ultra_ps_e_0/inst/PS8_i/PLCLK[0]
                         net (fo=1, routed)           0.181     0.181    BD_1_i/zynq_ultra_ps_e_0/inst/pl_clk_unbuffered[0]
    BUFG_PS_X0Y80        BUFG_PS (Prop_BUFG_PS_I_O)
                                                      0.035     0.216 r  BD_1_i/zynq_ultra_ps_e_0/inst/buffer_pl_clk_0.PL_CLK_0_BUFG/O
    X1Y1 (CLOCK_ROOT)    net (fo=29801, routed)       2.797     3.013    BD_1_i/RV_IP_AXI_Wrapper_0/inst/S_AXI_ACLK
    SLICE_X16Y47         FDRE                                         r  BD_1_i/RV_IP_AXI_Wrapper_0/inst/bram_dina_reg[17]_rep__1/C
  -------------------------------------------------------------------    -------------------
    SLICE_X16Y47         FDRE (Prop_EFF_SLICEL_C_Q)
                                                      0.112     3.125 r  BD_1_i/RV_IP_AXI_Wrapper_0/inst/bram_dina_reg[17]_rep__1/Q
                         net (fo=128, routed)         0.145     3.270    BD_1_i/RV_IP_AXI_Wrapper_0/inst/rv_core/PROCESSOR/IF_STAGE/IM/Memory_reg_0_255_17_17/D
    SLICE_X17Y51         RAMD64E                                      r  BD_1_i/RV_IP_AXI_Wrapper_0/inst/rv_core/PROCESSOR/IF_STAGE/IM/Memory_reg_0_255_17_17/SP.B/I
  -------------------------------------------------------------------    -------------------

                         (clock clk_pl_0 rise edge)
                                                      0.000     0.000 r  
    PS8_X0Y0             PS8                          0.000     0.000 r  BD_1_i/zynq_ultra_ps_e_0/inst/PS8_i/PLCLK[0]
                         net (fo=1, routed)           0.229     0.229    BD_1_i/zynq_ultra_ps_e_0/inst/pl_clk_unbuffered[0]
    BUFG_PS_X0Y80        BUFG_PS (Prop_BUFG_PS_I_O)
                                                      0.038     0.267 r  BD_1_i/zynq_ultra_ps_e_0/inst/buffer_pl_clk_0.PL_CLK_0_BUFG/O
    X1Y1 (CLOCK_ROOT)    net (fo=29801, routed)       3.118     3.385    BD_1_i/RV_IP_AXI_Wrapper_0/inst/rv_core/PROCESSOR/IF_STAGE/IM/Memory_reg_0_255_17_17/WCLK
    SLICE_X17Y51         RAMD64E                                      r  BD_1_i/RV_IP_AXI_Wrapper_0/inst/rv_core/PROCESSOR/IF_STAGE/IM/Memory_reg_0_255_17_17/SP.B/CLK
                         clock pessimism             -0.234     3.151    
    SLICE_X17Y51         RAMD64E (Hold_G6LUT_SLICEM_CLK_I)
                                                      0.104     3.255    BD_1_i/RV_IP_AXI_Wrapper_0/inst/rv_core/PROCESSOR/IF_STAGE/IM/Memory_reg_0_255_17_17/SP.B
  -------------------------------------------------------------------
                         required time                         -3.255    
                         arrival time                           3.270    
  -------------------------------------------------------------------
                         slack                                  0.015    

Slack (MET) :             0.015ns  (arrival time - required time)
  Source:                 BD_1_i/RV_IP_AXI_Wrapper_0/inst/rv_core/PROCESSOR/EX_STAGE/ALUResult_reg[5]_rep__16/C
                            (rising edge-triggered cell FDRE clocked by clk_pl_0  {rise@0.000ns fall@5.000ns period=10.000ns})
  Destination:            BD_1_i/RV_IP_AXI_Wrapper_0/inst/rv_core/DMEM/Memory_reg_15360_15871_16_16/RAMS64E1_G/ADR3
                            (rising edge-triggered cell RAMS64E1 clocked by clk_pl_0  {rise@0.000ns fall@5.000ns period=10.000ns})
  Path Group:             clk_pl_0
  Path Type:              Hold (Min at Fast Process Corner)
  Requirement:            0.000ns  (clk_pl_0 rise@0.000ns - clk_pl_0 rise@0.000ns)
  Data Path Delay:        0.191ns  (logic 0.083ns (43.531%)  route 0.108ns (56.469%))
  Logic Levels:           0  
  Clock Path Skew:        0.085ns (DCD - SCD - CPR)
    Destination Clock Delay (DCD):    2.109ns
    Source Clock Delay      (SCD):    1.872ns
    Clock Pessimism Removal (CPR):    0.152ns
  Clock Net Delay (Source):      1.721ns (routing 0.886ns, distribution 0.835ns)
  Clock Net Delay (Destination): 1.922ns (routing 0.971ns, distribution 0.951ns)

    Location             Delay type                Incr(ns)  Path(ns)    Netlist Resource(s)
  -------------------------------------------------------------------    -------------------
                         (clock clk_pl_0 rise edge)
                                                      0.000     0.000 r  
    PS8_X0Y0             PS8                          0.000     0.000 r  BD_1_i/zynq_ultra_ps_e_0/inst/PS8_i/PLCLK[0]
                         net (fo=1, routed)           0.129     0.129    BD_1_i/zynq_ultra_ps_e_0/inst/pl_clk_unbuffered[0]
    BUFG_PS_X0Y80        BUFG_PS (Prop_BUFG_PS_I_O)
                                                      0.022     0.151 r  BD_1_i/zynq_ultra_ps_e_0/inst/buffer_pl_clk_0.PL_CLK_0_BUFG/O
    X1Y1 (CLOCK_ROOT)    net (fo=29801, routed)       1.721     1.872    BD_1_i/RV_IP_AXI_Wrapper_0/inst/rv_core/PROCESSOR/EX_STAGE/S_AXI_ACLK
    SLICE_X15Y153        FDRE                                         r  BD_1_i/RV_IP_AXI_Wrapper_0/inst/rv_core/PROCESSOR/EX_STAGE/ALUResult_reg[5]_rep__16/C
  -------------------------------------------------------------------    -------------------
    SLICE_X15Y153        FDRE (Prop_FFF_SLICEL_C_Q)
                                                      0.083     1.955 r  BD_1_i/RV_IP_AXI_Wrapper_0/inst/rv_core/PROCESSOR/EX_STAGE/ALUResult_reg[5]_rep__16/Q
                         net (fo=256, routed)         0.108     2.062    BD_1_i/RV_IP_AXI_Wrapper_0/inst/rv_core/DMEM/Memory_reg_15360_15871_16_16/A3
    SLICE_X13Y153        RAMS64E1                                     r  BD_1_i/RV_IP_AXI_Wrapper_0/inst/rv_core/DMEM/Memory_reg_15360_15871_16_16/RAMS64E1_G/ADR3
  -------------------------------------------------------------------    -------------------

                         (clock clk_pl_0 rise edge)
                                                      0.000     0.000 r  
    PS8_X0Y0             PS8                          0.000     0.000 r  BD_1_i/zynq_ultra_ps_e_0/inst/PS8_i/PLCLK[0]
                         net (fo=1, routed)           0.164     0.164    BD_1_i/zynq_ultra_ps_e_0/inst/pl_clk_unbuffered[0]
    BUFG_PS_X0Y80        BUFG_PS (Prop_BUFG_PS_I_O)
                                                      0.023     0.187 r  BD_1_i/zynq_ultra_ps_e_0/inst/buffer_pl_clk_0.PL_CLK_0_BUFG/O
    X1Y1 (CLOCK_ROOT)    net (fo=29801, routed)       1.922     2.109    BD_1_i/RV_IP_AXI_Wrapper_0/inst/rv_core/DMEM/Memory_reg_15360_15871_16_16/WCLK
    SLICE_X13Y153        RAMS64E1                                     r  BD_1_i/RV_IP_AXI_Wrapper_0/inst/rv_core/DMEM/Memory_reg_15360_15871_16_16/RAMS64E1_G/CLK
                         clock pessimism             -0.152     1.957    
    SLICE_X13Y153        RAMS64E1 (Hold_G6LUT_SLICEM_CLK_ADR3)
                                                      0.090     2.047    BD_1_i/RV_IP_AXI_Wrapper_0/inst/rv_core/DMEM/Memory_reg_15360_15871_16_16/RAMS64E1_G
  -------------------------------------------------------------------
                         required time                         -2.047    
                         arrival time                           2.062    
  -------------------------------------------------------------------
                         slack                                  0.015    

Slack (MET) :             0.016ns  (arrival time - required time)
  Source:                 BD_1_i/ps8_0_axi_periph/s01_couplers/auto_ds/inst/gen_downsizer.gen_simple_downsizer.axi_downsizer_inst/USE_WRITE.write_addr_inst/S_AXI_ASIZE_Q_reg[2]/C
                            (rising edge-triggered cell FDRE clocked by clk_pl_0  {rise@0.000ns fall@5.000ns period=10.000ns})
  Destination:            BD_1_i/ps8_0_axi_periph/s01_couplers/auto_ds/inst/gen_downsizer.gen_simple_downsizer.axi_downsizer_inst/USE_WRITE.write_addr_inst/cmd_queue/inst/fifo_gen_inst/inst_fifo_gen/gconvfifo.rf/grf.rf/gntv_or_sync_fifo.mem/gdm.dm_gen.dm/RAM_reg_0_31_0_13/RAMB/I
                            (rising edge-triggered cell RAMD32 clocked by clk_pl_0  {rise@0.000ns fall@5.000ns period=10.000ns})
  Path Group:             clk_pl_0
  Path Type:              Hold (Min at Slow Process Corner)
  Requirement:            0.000ns  (clk_pl_0 rise@0.000ns - clk_pl_0 rise@0.000ns)
  Data Path Delay:        0.253ns  (logic 0.114ns (45.005%)  route 0.139ns (54.995%))
  Logic Levels:           0  
  Clock Path Skew:        0.134ns (DCD - SCD - CPR)
    Destination Clock Delay (DCD):    3.453ns
    Source Clock Delay      (SCD):    3.075ns
    Clock Pessimism Removal (CPR):    0.244ns
  Clock Net Delay (Source):      2.859ns (routing 1.450ns, distribution 1.409ns)
  Clock Net Delay (Destination): 3.186ns (routing 1.584ns, distribution 1.602ns)

    Location             Delay type                Incr(ns)  Path(ns)    Netlist Resource(s)
  -------------------------------------------------------------------    -------------------
                         (clock clk_pl_0 rise edge)
                                                      0.000     0.000 r  
    PS8_X0Y0             PS8                          0.000     0.000 r  BD_1_i/zynq_ultra_ps_e_0/inst/PS8_i/PLCLK[0]
                         net (fo=1, routed)           0.181     0.181    BD_1_i/zynq_ultra_ps_e_0/inst/pl_clk_unbuffered[0]
    BUFG_PS_X0Y80        BUFG_PS (Prop_BUFG_PS_I_O)
                                                      0.035     0.216 r  BD_1_i/zynq_ultra_ps_e_0/inst/buffer_pl_clk_0.PL_CLK_0_BUFG/O
    X1Y1 (CLOCK_ROOT)    net (fo=29801, routed)       2.859     3.075    BD_1_i/ps8_0_axi_periph/s01_couplers/auto_ds/inst/gen_downsizer.gen_simple_downsizer.axi_downsizer_inst/USE_WRITE.write_addr_inst/CLK
    SLICE_X6Y158         FDRE                                         r  BD_1_i/ps8_0_axi_periph/s01_couplers/auto_ds/inst/gen_downsizer.gen_simple_downsizer.axi_downsizer_inst/USE_WRITE.write_addr_inst/S_AXI_ASIZE_Q_reg[2]/C
  -------------------------------------------------------------------    -------------------
    SLICE_X6Y158         FDRE (Prop_EFF2_SLICEL_C_Q)
                                                      0.114     3.189 r  BD_1_i/ps8_0_axi_periph/s01_couplers/auto_ds/inst/gen_downsizer.gen_simple_downsizer.axi_downsizer_inst/USE_WRITE.write_addr_inst/S_AXI_ASIZE_Q_reg[2]/Q
                         net (fo=2, routed)           0.139     3.328    BD_1_i/ps8_0_axi_periph/s01_couplers/auto_ds/inst/gen_downsizer.gen_simple_downsizer.axi_downsizer_inst/USE_WRITE.write_addr_inst/cmd_queue/inst/fifo_gen_inst/inst_fifo_gen/gconvfifo.rf/grf.rf/gntv_or_sync_fifo.mem/gdm.dm_gen.dm/RAM_reg_0_31_0_13/DIB0
    SLICE_X8Y158         RAMD32                                       r  BD_1_i/ps8_0_axi_periph/s01_couplers/auto_ds/inst/gen_downsizer.gen_simple_downsizer.axi_downsizer_inst/USE_WRITE.write_addr_inst/cmd_queue/inst/fifo_gen_inst/inst_fifo_gen/gconvfifo.rf/grf.rf/gntv_or_sync_fifo.mem/gdm.dm_gen.dm/RAM_reg_0_31_0_13/RAMB/I
  -------------------------------------------------------------------    -------------------

                         (clock clk_pl_0 rise edge)
                                                      0.000     0.000 r  
    PS8_X0Y0             PS8                          0.000     0.000 r  BD_1_i/zynq_ultra_ps_e_0/inst/PS8_i/PLCLK[0]
                         net (fo=1, routed)           0.229     0.229    BD_1_i/zynq_ultra_ps_e_0/inst/pl_clk_unbuffered[0]
    BUFG_PS_X0Y80        BUFG_PS (Prop_BUFG_PS_I_O)
                                                      0.038     0.267 r  BD_1_i/zynq_ultra_ps_e_0/inst/buffer_pl_clk_0.PL_CLK_0_BUFG/O
    X1Y1 (CLOCK_ROOT)    net (fo=29801, routed)       3.186     3.453    BD_1_i/ps8_0_axi_periph/s01_couplers/auto_ds/inst/gen_downsizer.gen_simple_downsizer.axi_downsizer_inst/USE_WRITE.write_addr_inst/cmd_queue/inst/fifo_gen_inst/inst_fifo_gen/gconvfifo.rf/grf.rf/gntv_or_sync_fifo.mem/gdm.dm_gen.dm/RAM_reg_0_31_0_13/WCLK
    SLICE_X8Y158         RAMD32                                       r  BD_1_i/ps8_0_axi_periph/s01_couplers/auto_ds/inst/gen_downsizer.gen_simple_downsizer.axi_downsizer_inst/USE_WRITE.write_addr_inst/cmd_queue/inst/fifo_gen_inst/inst_fifo_gen/gconvfifo.rf/grf.rf/gntv_or_sync_fifo.mem/gdm.dm_gen.dm/RAM_reg_0_31_0_13/RAMB/CLK
                         clock pessimism             -0.244     3.209    
    SLICE_X8Y158         RAMD32 (Hold_B5LUT_SLICEM_CLK_I)
                                                      0.104     3.313    BD_1_i/ps8_0_axi_periph/s01_couplers/auto_ds/inst/gen_downsizer.gen_simple_downsizer.axi_downsizer_inst/USE_WRITE.write_addr_inst/cmd_queue/inst/fifo_gen_inst/inst_fifo_gen/gconvfifo.rf/grf.rf/gntv_or_sync_fifo.mem/gdm.dm_gen.dm/RAM_reg_0_31_0_13/RAMB
  -------------------------------------------------------------------
                         required time                         -3.313    
                         arrival time                           3.328    
  -------------------------------------------------------------------
                         slack                                  0.016    

Slack (MET) :             0.016ns  (arrival time - required time)
  Source:                 BD_1_i/RV_IP_AXI_Wrapper_0/inst/rv_core/PROCESSOR/EX_STAGE/ALUResult_reg[7]_rep__17/C
                            (rising edge-triggered cell FDRE clocked by clk_pl_0  {rise@0.000ns fall@5.000ns period=10.000ns})
  Destination:            BD_1_i/RV_IP_AXI_Wrapper_0/inst/rv_core/DMEM/Memory_reg_15360_15871_16_16/RAMS64E1_A/ADR5
                            (rising edge-triggered cell RAMS64E1 clocked by clk_pl_0  {rise@0.000ns fall@5.000ns period=10.000ns})
  Path Group:             clk_pl_0
  Path Type:              Hold (Min at Slow Process Corner)
  Requirement:            0.000ns  (clk_pl_0 rise@0.000ns - clk_pl_0 rise@0.000ns)
  Data Path Delay:        0.277ns  (logic 0.115ns (41.460%)  route 0.162ns (58.540%))
  Logic Levels:           0  
  Clock Path Skew:        0.136ns (DCD - SCD - CPR)
    Destination Clock Delay (DCD):    3.421ns
    Source Clock Delay      (SCD):    3.040ns
    Clock Pessimism Removal (CPR):    0.244ns
  Clock Net Delay (Source):      2.824ns (routing 1.450ns, distribution 1.374ns)
  Clock Net Delay (Destination): 3.154ns (routing 1.584ns, distribution 1.570ns)

    Location             Delay type                Incr(ns)  Path(ns)    Netlist Resource(s)
  -------------------------------------------------------------------    -------------------
                         (clock clk_pl_0 rise edge)
                                                      0.000     0.000 r  
    PS8_X0Y0             PS8                          0.000     0.000 r  BD_1_i/zynq_ultra_ps_e_0/inst/PS8_i/PLCLK[0]
                         net (fo=1, routed)           0.181     0.181    BD_1_i/zynq_ultra_ps_e_0/inst/pl_clk_unbuffered[0]
    BUFG_PS_X0Y80        BUFG_PS (Prop_BUFG_PS_I_O)
                                                      0.035     0.216 r  BD_1_i/zynq_ultra_ps_e_0/inst/buffer_pl_clk_0.PL_CLK_0_BUFG/O
    X1Y1 (CLOCK_ROOT)    net (fo=29801, routed)       2.824     3.040    BD_1_i/RV_IP_AXI_Wrapper_0/inst/rv_core/PROCESSOR/EX_STAGE/S_AXI_ACLK
    SLICE_X15Y153        FDRE                                         r  BD_1_i/RV_IP_AXI_Wrapper_0/inst/rv_core/PROCESSOR/EX_STAGE/ALUResult_reg[7]_rep__17/C
  -------------------------------------------------------------------    -------------------
    SLICE_X15Y153        FDRE (Prop_FFF2_SLICEL_C_Q)
                                                      0.115     3.155 r  BD_1_i/RV_IP_AXI_Wrapper_0/inst/rv_core/PROCESSOR/EX_STAGE/ALUResult_reg[7]_rep__17/Q
                         net (fo=256, routed)         0.162     3.317    BD_1_i/RV_IP_AXI_Wrapper_0/inst/rv_core/DMEM/Memory_reg_15360_15871_16_16/A5
    SLICE_X13Y153        RAMS64E1                                     r  BD_1_i/RV_IP_AXI_Wrapper_0/inst/rv_core/DMEM/Memory_reg_15360_15871_16_16/RAMS64E1_A/ADR5
  -------------------------------------------------------------------    -------------------

                         (clock clk_pl_0 rise edge)
                                                      0.000     0.000 r  
    PS8_X0Y0             PS8                          0.000     0.000 r  BD_1_i/zynq_ultra_ps_e_0/inst/PS8_i/PLCLK[0]
                         net (fo=1, routed)           0.229     0.229    BD_1_i/zynq_ultra_ps_e_0/inst/pl_clk_unbuffered[0]
    BUFG_PS_X0Y80        BUFG_PS (Prop_BUFG_PS_I_O)
                                                      0.038     0.267 r  BD_1_i/zynq_ultra_ps_e_0/inst/buffer_pl_clk_0.PL_CLK_0_BUFG/O
    X1Y1 (CLOCK_ROOT)    net (fo=29801, routed)       3.154     3.421    BD_1_i/RV_IP_AXI_Wrapper_0/inst/rv_core/DMEM/Memory_reg_15360_15871_16_16/WCLK
    SLICE_X13Y153        RAMS64E1                                     r  BD_1_i/RV_IP_AXI_Wrapper_0/inst/rv_core/DMEM/Memory_reg_15360_15871_16_16/RAMS64E1_A/CLK
                         clock pessimism             -0.244     3.177    
    SLICE_X13Y153        RAMS64E1 (Hold_A6LUT_SLICEM_CLK_ADR5)
                                                      0.125     3.302    BD_1_i/RV_IP_AXI_Wrapper_0/inst/rv_core/DMEM/Memory_reg_15360_15871_16_16/RAMS64E1_A
  -------------------------------------------------------------------
                         required time                         -3.302    
                         arrival time                           3.317    
  -------------------------------------------------------------------
                         slack                                  0.016    

Slack (MET) :             0.016ns  (arrival time - required time)
  Source:                 BD_1_i/RV_IP_AXI_Wrapper_0/inst/rv_core/PROCESSOR/EX_STAGE/ALUResult_reg[7]_rep__17/C
                            (rising edge-triggered cell FDRE clocked by clk_pl_0  {rise@0.000ns fall@5.000ns period=10.000ns})
  Destination:            BD_1_i/RV_IP_AXI_Wrapper_0/inst/rv_core/DMEM/Memory_reg_15360_15871_16_16/RAMS64E1_B/ADR5
                            (rising edge-triggered cell RAMS64E1 clocked by clk_pl_0  {rise@0.000ns fall@5.000ns period=10.000ns})
  Path Group:             clk_pl_0
  Path Type:              Hold (Min at Slow Process Corner)
  Requirement:            0.000ns  (clk_pl_0 rise@0.000ns - clk_pl_0 rise@0.000ns)
  Data Path Delay:        0.277ns  (logic 0.115ns (41.460%)  route 0.162ns (58.540%))
  Logic Levels:           0  
  Clock Path Skew:        0.136ns (DCD - SCD - CPR)
    Destination Clock Delay (DCD):    3.421ns
    Source Clock Delay      (SCD):    3.040ns
    Clock Pessimism Removal (CPR):    0.244ns
  Clock Net Delay (Source):      2.824ns (routing 1.450ns, distribution 1.374ns)
  Clock Net Delay (Destination): 3.154ns (routing 1.584ns, distribution 1.570ns)

    Location             Delay type                Incr(ns)  Path(ns)    Netlist Resource(s)
  -------------------------------------------------------------------    -------------------
                         (clock clk_pl_0 rise edge)
                                                      0.000     0.000 r  
    PS8_X0Y0             PS8                          0.000     0.000 r  BD_1_i/zynq_ultra_ps_e_0/inst/PS8_i/PLCLK[0]
                         net (fo=1, routed)           0.181     0.181    BD_1_i/zynq_ultra_ps_e_0/inst/pl_clk_unbuffered[0]
    BUFG_PS_X0Y80        BUFG_PS (Prop_BUFG_PS_I_O)
                                                      0.035     0.216 r  BD_1_i/zynq_ultra_ps_e_0/inst/buffer_pl_clk_0.PL_CLK_0_BUFG/O
    X1Y1 (CLOCK_ROOT)    net (fo=29801, routed)       2.824     3.040    BD_1_i/RV_IP_AXI_Wrapper_0/inst/rv_core/PROCESSOR/EX_STAGE/S_AXI_ACLK
    SLICE_X15Y153        FDRE                                         r  BD_1_i/RV_IP_AXI_Wrapper_0/inst/rv_core/PROCESSOR/EX_STAGE/ALUResult_reg[7]_rep__17/C
  -------------------------------------------------------------------    -------------------
    SLICE_X15Y153        FDRE (Prop_FFF2_SLICEL_C_Q)
                                                      0.115     3.155 r  BD_1_i/RV_IP_AXI_Wrapper_0/inst/rv_core/PROCESSOR/EX_STAGE/ALUResult_reg[7]_rep__17/Q
                         net (fo=256, routed)         0.162     3.317    BD_1_i/RV_IP_AXI_Wrapper_0/inst/rv_core/DMEM/Memory_reg_15360_15871_16_16/A5
    SLICE_X13Y153        RAMS64E1                                     r  BD_1_i/RV_IP_AXI_Wrapper_0/inst/rv_core/DMEM/Memory_reg_15360_15871_16_16/RAMS64E1_B/ADR5
  -------------------------------------------------------------------    -------------------

                         (clock clk_pl_0 rise edge)
                                                      0.000     0.000 r  
    PS8_X0Y0             PS8                          0.000     0.000 r  BD_1_i/zynq_ultra_ps_e_0/inst/PS8_i/PLCLK[0]
                         net (fo=1, routed)           0.229     0.229    BD_1_i/zynq_ultra_ps_e_0/inst/pl_clk_unbuffered[0]
    BUFG_PS_X0Y80        BUFG_PS (Prop_BUFG_PS_I_O)
                                                      0.038     0.267 r  BD_1_i/zynq_ultra_ps_e_0/inst/buffer_pl_clk_0.PL_CLK_0_BUFG/O
    X1Y1 (CLOCK_ROOT)    net (fo=29801, routed)       3.154     3.421    BD_1_i/RV_IP_AXI_Wrapper_0/inst/rv_core/DMEM/Memory_reg_15360_15871_16_16/WCLK
    SLICE_X13Y153        RAMS64E1                                     r  BD_1_i/RV_IP_AXI_Wrapper_0/inst/rv_core/DMEM/Memory_reg_15360_15871_16_16/RAMS64E1_B/CLK
                         clock pessimism             -0.244     3.177    
    SLICE_X13Y153        RAMS64E1 (Hold_B6LUT_SLICEM_CLK_ADR5)
                                                      0.125     3.302    BD_1_i/RV_IP_AXI_Wrapper_0/inst/rv_core/DMEM/Memory_reg_15360_15871_16_16/RAMS64E1_B
  -------------------------------------------------------------------
                         required time                         -3.302    
                         arrival time                           3.317    
  -------------------------------------------------------------------
                         slack                                  0.016    





Pulse Width Checks
--------------------------------------------------------------------------------------
Clock Name:         clk_pl_0
Waveform(ns):       { 0.000 5.000 }
Period(ns):         10.000
Sources:            { BD_1_i/zynq_ultra_ps_e_0/inst/PS8_i/PLCLK[0] }

Check Type        Corner  Lib Pin          Reference Pin  Required(ns)  Actual(ns)  Slack(ns)  Location       Pin
Min Period        n/a     PS8/MAXIGP0ACLK  n/a            3.000         10.000      7.000      PS8_X0Y0       BD_1_i/zynq_ultra_ps_e_0/inst/PS8_i/MAXIGP0ACLK
Min Period        n/a     PS8/MAXIGP1ACLK  n/a            3.000         10.000      7.000      PS8_X0Y0       BD_1_i/zynq_ultra_ps_e_0/inst/PS8_i/MAXIGP1ACLK
Min Period        n/a     RAMS64E1/CLK     n/a            1.524         10.000      8.476      SLICE_X10Y135  BD_1_i/RV_IP_AXI_Wrapper_0/inst/rv_core/DMEM/Memory_reg_0_511_0_0/RAMS64E1_A/CLK
Min Period        n/a     RAMS64E1/CLK     n/a            1.524         10.000      8.476      SLICE_X10Y135  BD_1_i/RV_IP_AXI_Wrapper_0/inst/rv_core/DMEM/Memory_reg_0_511_0_0/RAMS64E1_B/CLK
Min Period        n/a     RAMS64E1/CLK     n/a            1.524         10.000      8.476      SLICE_X10Y135  BD_1_i/RV_IP_AXI_Wrapper_0/inst/rv_core/DMEM/Memory_reg_0_511_0_0/RAMS64E1_C/CLK
Min Period        n/a     RAMS64E1/CLK     n/a            1.524         10.000      8.476      SLICE_X10Y135  BD_1_i/RV_IP_AXI_Wrapper_0/inst/rv_core/DMEM/Memory_reg_0_511_0_0/RAMS64E1_D/CLK
Min Period        n/a     RAMS64E1/CLK     n/a            1.524         10.000      8.476      SLICE_X10Y135  BD_1_i/RV_IP_AXI_Wrapper_0/inst/rv_core/DMEM/Memory_reg_0_511_0_0/RAMS64E1_E/CLK
Min Period        n/a     RAMS64E1/CLK     n/a            1.524         10.000      8.476      SLICE_X10Y135  BD_1_i/RV_IP_AXI_Wrapper_0/inst/rv_core/DMEM/Memory_reg_0_511_0_0/RAMS64E1_F/CLK
Min Period        n/a     RAMS64E1/CLK     n/a            1.524         10.000      8.476      SLICE_X10Y135  BD_1_i/RV_IP_AXI_Wrapper_0/inst/rv_core/DMEM/Memory_reg_0_511_0_0/RAMS64E1_G/CLK
Min Period        n/a     RAMS64E1/CLK     n/a            1.524         10.000      8.476      SLICE_X10Y135  BD_1_i/RV_IP_AXI_Wrapper_0/inst/rv_core/DMEM/Memory_reg_0_511_0_0/RAMS64E1_H/CLK
Low Pulse Width   Slow    PS8/MAXIGP0ACLK  n/a            1.500         5.000       3.500      PS8_X0Y0       BD_1_i/zynq_ultra_ps_e_0/inst/PS8_i/MAXIGP0ACLK
Low Pulse Width   Fast    PS8/MAXIGP0ACLK  n/a            1.500         5.000       3.500      PS8_X0Y0       BD_1_i/zynq_ultra_ps_e_0/inst/PS8_i/MAXIGP0ACLK
Low Pulse Width   Slow    PS8/MAXIGP1ACLK  n/a            1.500         5.000       3.500      PS8_X0Y0       BD_1_i/zynq_ultra_ps_e_0/inst/PS8_i/MAXIGP1ACLK
Low Pulse Width   Fast    PS8/MAXIGP1ACLK  n/a            1.500         5.000       3.500      PS8_X0Y0       BD_1_i/zynq_ultra_ps_e_0/inst/PS8_i/MAXIGP1ACLK
Low Pulse Width   Slow    RAMS64E1/CLK     n/a            0.762         5.000       4.238      SLICE_X10Y135  BD_1_i/RV_IP_AXI_Wrapper_0/inst/rv_core/DMEM/Memory_reg_0_511_0_0/RAMS64E1_A/CLK
Low Pulse Width   Fast    RAMS64E1/CLK     n/a            0.762         5.000       4.238      SLICE_X10Y135  BD_1_i/RV_IP_AXI_Wrapper_0/inst/rv_core/DMEM/Memory_reg_0_511_0_0/RAMS64E1_A/CLK
Low Pulse Width   Slow    RAMS64E1/CLK     n/a            0.762         5.000       4.238      SLICE_X10Y135  BD_1_i/RV_IP_AXI_Wrapper_0/inst/rv_core/DMEM/Memory_reg_0_511_0_0/RAMS64E1_B/CLK
Low Pulse Width   Fast    RAMS64E1/CLK     n/a            0.762         5.000       4.238      SLICE_X10Y135  BD_1_i/RV_IP_AXI_Wrapper_0/inst/rv_core/DMEM/Memory_reg_0_511_0_0/RAMS64E1_B/CLK
Low Pulse Width   Slow    RAMS64E1/CLK     n/a            0.762         5.000       4.238      SLICE_X10Y135  BD_1_i/RV_IP_AXI_Wrapper_0/inst/rv_core/DMEM/Memory_reg_0_511_0_0/RAMS64E1_C/CLK
Low Pulse Width   Fast    RAMS64E1/CLK     n/a            0.762         5.000       4.238      SLICE_X10Y135  BD_1_i/RV_IP_AXI_Wrapper_0/inst/rv_core/DMEM/Memory_reg_0_511_0_0/RAMS64E1_C/CLK
High Pulse Width  Slow    PS8/MAXIGP0ACLK  n/a            1.500         5.000       3.500      PS8_X0Y0       BD_1_i/zynq_ultra_ps_e_0/inst/PS8_i/MAXIGP0ACLK
High Pulse Width  Fast    PS8/MAXIGP0ACLK  n/a            1.500         5.000       3.500      PS8_X0Y0       BD_1_i/zynq_ultra_ps_e_0/inst/PS8_i/MAXIGP0ACLK
High Pulse Width  Slow    PS8/MAXIGP1ACLK  n/a            1.500         5.000       3.500      PS8_X0Y0       BD_1_i/zynq_ultra_ps_e_0/inst/PS8_i/MAXIGP1ACLK
High Pulse Width  Fast    PS8/MAXIGP1ACLK  n/a            1.500         5.000       3.500      PS8_X0Y0       BD_1_i/zynq_ultra_ps_e_0/inst/PS8_i/MAXIGP1ACLK
High Pulse Width  Slow    RAMS64E1/CLK     n/a            0.762         5.000       4.238      SLICE_X10Y135  BD_1_i/RV_IP_AXI_Wrapper_0/inst/rv_core/DMEM/Memory_reg_0_511_0_0/RAMS64E1_A/CLK
High Pulse Width  Fast    RAMS64E1/CLK     n/a            0.762         5.000       4.238      SLICE_X10Y135  BD_1_i/RV_IP_AXI_Wrapper_0/inst/rv_core/DMEM/Memory_reg_0_511_0_0/RAMS64E1_A/CLK
High Pulse Width  Slow    RAMS64E1/CLK     n/a            0.762         5.000       4.238      SLICE_X10Y135  BD_1_i/RV_IP_AXI_Wrapper_0/inst/rv_core/DMEM/Memory_reg_0_511_0_0/RAMS64E1_B/CLK
High Pulse Width  Fast    RAMS64E1/CLK     n/a            0.762         5.000       4.238      SLICE_X10Y135  BD_1_i/RV_IP_AXI_Wrapper_0/inst/rv_core/DMEM/Memory_reg_0_511_0_0/RAMS64E1_B/CLK
High Pulse Width  Slow    RAMS64E1/CLK     n/a            0.762         5.000       4.238      SLICE_X10Y135  BD_1_i/RV_IP_AXI_Wrapper_0/inst/rv_core/DMEM/Memory_reg_0_511_0_0/RAMS64E1_C/CLK
High Pulse Width  Fast    RAMS64E1/CLK     n/a            0.762         5.000       4.238      SLICE_X10Y135  BD_1_i/RV_IP_AXI_Wrapper_0/inst/rv_core/DMEM/Memory_reg_0_511_0_0/RAMS64E1_C/CLK



---------------------------------------------------------------------------------------------------
Path Group:  **async_default**
From Clock:  clk_pl_0
  To Clock:  clk_pl_0

Setup :            0  Failing Endpoints,  Worst Slack        5.924ns,  Total Violation        0.000ns
Hold  :            0  Failing Endpoints,  Worst Slack        0.226ns,  Total Violation        0.000ns
---------------------------------------------------------------------------------------------------


Max Delay Paths
--------------------------------------------------------------------------------------
Slack (MET) :             5.924ns  (required time - arrival time)
  Source:                 BD_1_i/RV_IP_AXI_Wrapper_0/inst/rv_reset_reg/C
                            (rising edge-triggered cell FDSE clocked by clk_pl_0  {rise@0.000ns fall@5.000ns period=10.000ns})
  Destination:            BD_1_i/RV_IP_AXI_Wrapper_0/inst/rv_core/PROCESSOR/ID_STAGE/RF/Registers_reg[13][30]/CLR
                            (recovery check against rising-edge clock clk_pl_0  {rise@0.000ns fall@5.000ns period=10.000ns})
  Path Group:             **async_default**
  Path Type:              Recovery (Max at Slow Process Corner)
  Requirement:            10.000ns  (clk_pl_0 rise@10.000ns - clk_pl_0 rise@0.000ns)
  Data Path Delay:        3.673ns  (logic 0.158ns (4.302%)  route 3.515ns (95.698%))
  Logic Levels:           1  (BUFGCE=1)
  Clock Path Skew:        -0.150ns (DCD - SCD + CPR)
    Destination Clock Delay (DCD):    3.021ns = ( 13.021 - 10.000 ) 
    Source Clock Delay      (SCD):    3.412ns
    Clock Pessimism Removal (CPR):    0.240ns
  Clock Uncertainty:      0.160ns  ((TSJ^2 + DJ^2)^1/2) / 2 + PE
    Total System Jitter     (TSJ):    0.071ns
    Discrete Jitter          (DJ):    0.312ns
    Phase Error              (PE):    0.000ns
  Clock Net Delay (Source):      3.145ns (routing 1.584ns, distribution 1.561ns)
  Clock Net Delay (Destination): 2.805ns (routing 1.450ns, distribution 1.355ns)

    Location             Delay type                Incr(ns)  Path(ns)    Netlist Resource(s)
  -------------------------------------------------------------------    -------------------
                         (clock clk_pl_0 rise edge)
                                                      0.000     0.000 r  
    PS8_X0Y0             PS8                          0.000     0.000 r  BD_1_i/zynq_ultra_ps_e_0/inst/PS8_i/PLCLK[0]
                         net (fo=1, routed)           0.229     0.229    BD_1_i/zynq_ultra_ps_e_0/inst/pl_clk_unbuffered[0]
    BUFG_PS_X0Y80        BUFG_PS (Prop_BUFG_PS_I_O)
                                                      0.038     0.267 r  BD_1_i/zynq_ultra_ps_e_0/inst/buffer_pl_clk_0.PL_CLK_0_BUFG/O
    X1Y1 (CLOCK_ROOT)    net (fo=29801, routed)       3.145     3.412    BD_1_i/RV_IP_AXI_Wrapper_0/inst/S_AXI_ACLK
    SLICE_X9Y115         FDSE                                         r  BD_1_i/RV_IP_AXI_Wrapper_0/inst/rv_reset_reg/C
  -------------------------------------------------------------------    -------------------
    SLICE_X9Y115         FDSE (Prop_EFF_SLICEL_C_Q)
                                                      0.114     3.526 f  BD_1_i/RV_IP_AXI_Wrapper_0/inst/rv_reset_reg/Q
                         net (fo=1, routed)           1.737     5.263    BD_1_i/RV_IP_AXI_Wrapper_0/inst/p_1_in_31[0]_bufg_place
    BUFGCE_X0Y50         BUFGCE (Prop_BUFCE_BUFGCE_I_O)
                                                      0.044     5.307 f  BD_1_i/RV_IP_AXI_Wrapper_0/inst/rv_reset_reg_bufg_place/O
                         net (fo=1299, routed)        1.778     7.084    BD_1_i/RV_IP_AXI_Wrapper_0/inst/rv_core/PROCESSOR/ID_STAGE/RF/p_1_in_31[0]
    SLICE_X13Y102        FDCE                                         f  BD_1_i/RV_IP_AXI_Wrapper_0/inst/rv_core/PROCESSOR/ID_STAGE/RF/Registers_reg[13][30]/CLR
  -------------------------------------------------------------------    -------------------

                         (clock clk_pl_0 rise edge)
                                                     10.000    10.000 r  
    PS8_X0Y0             PS8                          0.000    10.000 r  BD_1_i/zynq_ultra_ps_e_0/inst/PS8_i/PLCLK[0]
                         net (fo=1, routed)           0.181    10.181    BD_1_i/zynq_ultra_ps_e_0/inst/pl_clk_unbuffered[0]
    BUFG_PS_X0Y80        BUFG_PS (Prop_BUFG_PS_I_O)
                                                      0.035    10.216 r  BD_1_i/zynq_ultra_ps_e_0/inst/buffer_pl_clk_0.PL_CLK_0_BUFG/O
    X1Y1 (CLOCK_ROOT)    net (fo=29801, routed)       2.805    13.021    BD_1_i/RV_IP_AXI_Wrapper_0/inst/rv_core/PROCESSOR/ID_STAGE/RF/S_AXI_ACLK
    SLICE_X13Y102        FDCE                                         r  BD_1_i/RV_IP_AXI_Wrapper_0/inst/rv_core/PROCESSOR/ID_STAGE/RF/Registers_reg[13][30]/C
                         clock pessimism              0.240    13.261    
                         clock uncertainty           -0.160    13.101    
    SLICE_X13Y102        FDCE (Recov_DFF_SLICEM_C_CLR)
                                                     -0.093    13.008    BD_1_i/RV_IP_AXI_Wrapper_0/inst/rv_core/PROCESSOR/ID_STAGE/RF/Registers_reg[13][30]
  -------------------------------------------------------------------
                         required time                         13.008    
                         arrival time                          -7.084    
  -------------------------------------------------------------------
                         slack                                  5.924    

Slack (MET) :             5.924ns  (required time - arrival time)
  Source:                 BD_1_i/RV_IP_AXI_Wrapper_0/inst/rv_reset_reg/C
                            (rising edge-triggered cell FDSE clocked by clk_pl_0  {rise@0.000ns fall@5.000ns period=10.000ns})
  Destination:            BD_1_i/RV_IP_AXI_Wrapper_0/inst/rv_core/PROCESSOR/ID_STAGE/RF/Registers_reg[14][29]/CLR
                            (recovery check against rising-edge clock clk_pl_0  {rise@0.000ns fall@5.000ns period=10.000ns})
  Path Group:             **async_default**
  Path Type:              Recovery (Max at Slow Process Corner)
  Requirement:            10.000ns  (clk_pl_0 rise@10.000ns - clk_pl_0 rise@0.000ns)
  Data Path Delay:        3.673ns  (logic 0.158ns (4.302%)  route 3.515ns (95.698%))
  Logic Levels:           1  (BUFGCE=1)
  Clock Path Skew:        -0.150ns (DCD - SCD + CPR)
    Destination Clock Delay (DCD):    3.021ns = ( 13.021 - 10.000 ) 
    Source Clock Delay      (SCD):    3.412ns
    Clock Pessimism Removal (CPR):    0.240ns
  Clock Uncertainty:      0.160ns  ((TSJ^2 + DJ^2)^1/2) / 2 + PE
    Total System Jitter     (TSJ):    0.071ns
    Discrete Jitter          (DJ):    0.312ns
    Phase Error              (PE):    0.000ns
  Clock Net Delay (Source):      3.145ns (routing 1.584ns, distribution 1.561ns)
  Clock Net Delay (Destination): 2.805ns (routing 1.450ns, distribution 1.355ns)

    Location             Delay type                Incr(ns)  Path(ns)    Netlist Resource(s)
  -------------------------------------------------------------------    -------------------
                         (clock clk_pl_0 rise edge)
                                                      0.000     0.000 r  
    PS8_X0Y0             PS8                          0.000     0.000 r  BD_1_i/zynq_ultra_ps_e_0/inst/PS8_i/PLCLK[0]
                         net (fo=1, routed)           0.229     0.229    BD_1_i/zynq_ultra_ps_e_0/inst/pl_clk_unbuffered[0]
    BUFG_PS_X0Y80        BUFG_PS (Prop_BUFG_PS_I_O)
                                                      0.038     0.267 r  BD_1_i/zynq_ultra_ps_e_0/inst/buffer_pl_clk_0.PL_CLK_0_BUFG/O
    X1Y1 (CLOCK_ROOT)    net (fo=29801, routed)       3.145     3.412    BD_1_i/RV_IP_AXI_Wrapper_0/inst/S_AXI_ACLK
    SLICE_X9Y115         FDSE                                         r  BD_1_i/RV_IP_AXI_Wrapper_0/inst/rv_reset_reg/C
  -------------------------------------------------------------------    -------------------
    SLICE_X9Y115         FDSE (Prop_EFF_SLICEL_C_Q)
                                                      0.114     3.526 f  BD_1_i/RV_IP_AXI_Wrapper_0/inst/rv_reset_reg/Q
                         net (fo=1, routed)           1.737     5.263    BD_1_i/RV_IP_AXI_Wrapper_0/inst/p_1_in_31[0]_bufg_place
    BUFGCE_X0Y50         BUFGCE (Prop_BUFCE_BUFGCE_I_O)
                                                      0.044     5.307 f  BD_1_i/RV_IP_AXI_Wrapper_0/inst/rv_reset_reg_bufg_place/O
                         net (fo=1299, routed)        1.778     7.084    BD_1_i/RV_IP_AXI_Wrapper_0/inst/rv_core/PROCESSOR/ID_STAGE/RF/p_1_in_31[0]
    SLICE_X13Y102        FDCE                                         f  BD_1_i/RV_IP_AXI_Wrapper_0/inst/rv_core/PROCESSOR/ID_STAGE/RF/Registers_reg[14][29]/CLR
  -------------------------------------------------------------------    -------------------

                         (clock clk_pl_0 rise edge)
                                                     10.000    10.000 r  
    PS8_X0Y0             PS8                          0.000    10.000 r  BD_1_i/zynq_ultra_ps_e_0/inst/PS8_i/PLCLK[0]
                         net (fo=1, routed)           0.181    10.181    BD_1_i/zynq_ultra_ps_e_0/inst/pl_clk_unbuffered[0]
    BUFG_PS_X0Y80        BUFG_PS (Prop_BUFG_PS_I_O)
                                                      0.035    10.216 r  BD_1_i/zynq_ultra_ps_e_0/inst/buffer_pl_clk_0.PL_CLK_0_BUFG/O
    X1Y1 (CLOCK_ROOT)    net (fo=29801, routed)       2.805    13.021    BD_1_i/RV_IP_AXI_Wrapper_0/inst/rv_core/PROCESSOR/ID_STAGE/RF/S_AXI_ACLK
    SLICE_X13Y102        FDCE                                         r  BD_1_i/RV_IP_AXI_Wrapper_0/inst/rv_core/PROCESSOR/ID_STAGE/RF/Registers_reg[14][29]/C
                         clock pessimism              0.240    13.261    
                         clock uncertainty           -0.160    13.101    
    SLICE_X13Y102        FDCE (Recov_DFF2_SLICEM_C_CLR)
                                                     -0.093    13.008    BD_1_i/RV_IP_AXI_Wrapper_0/inst/rv_core/PROCESSOR/ID_STAGE/RF/Registers_reg[14][29]
  -------------------------------------------------------------------
                         required time                         13.008    
                         arrival time                          -7.084    
  -------------------------------------------------------------------
                         slack                                  5.924    

Slack (MET) :             5.924ns  (required time - arrival time)
  Source:                 BD_1_i/RV_IP_AXI_Wrapper_0/inst/rv_reset_reg/C
                            (rising edge-triggered cell FDSE clocked by clk_pl_0  {rise@0.000ns fall@5.000ns period=10.000ns})
  Destination:            BD_1_i/RV_IP_AXI_Wrapper_0/inst/rv_core/PROCESSOR/ID_STAGE/RF/Registers_reg[1][31]/CLR
                            (recovery check against rising-edge clock clk_pl_0  {rise@0.000ns fall@5.000ns period=10.000ns})
  Path Group:             **async_default**
  Path Type:              Recovery (Max at Slow Process Corner)
  Requirement:            10.000ns  (clk_pl_0 rise@10.000ns - clk_pl_0 rise@0.000ns)
  Data Path Delay:        3.672ns  (logic 0.158ns (4.303%)  route 3.514ns (95.697%))
  Logic Levels:           1  (BUFGCE=1)
  Clock Path Skew:        -0.151ns (DCD - SCD + CPR)
    Destination Clock Delay (DCD):    3.020ns = ( 13.020 - 10.000 ) 
    Source Clock Delay      (SCD):    3.412ns
    Clock Pessimism Removal (CPR):    0.240ns
  Clock Uncertainty:      0.160ns  ((TSJ^2 + DJ^2)^1/2) / 2 + PE
    Total System Jitter     (TSJ):    0.071ns
    Discrete Jitter          (DJ):    0.312ns
    Phase Error              (PE):    0.000ns
  Clock Net Delay (Source):      3.145ns (routing 1.584ns, distribution 1.561ns)
  Clock Net Delay (Destination): 2.804ns (routing 1.450ns, distribution 1.354ns)

    Location             Delay type                Incr(ns)  Path(ns)    Netlist Resource(s)
  -------------------------------------------------------------------    -------------------
                         (clock clk_pl_0 rise edge)
                                                      0.000     0.000 r  
    PS8_X0Y0             PS8                          0.000     0.000 r  BD_1_i/zynq_ultra_ps_e_0/inst/PS8_i/PLCLK[0]
                         net (fo=1, routed)           0.229     0.229    BD_1_i/zynq_ultra_ps_e_0/inst/pl_clk_unbuffered[0]
    BUFG_PS_X0Y80        BUFG_PS (Prop_BUFG_PS_I_O)
                                                      0.038     0.267 r  BD_1_i/zynq_ultra_ps_e_0/inst/buffer_pl_clk_0.PL_CLK_0_BUFG/O
    X1Y1 (CLOCK_ROOT)    net (fo=29801, routed)       3.145     3.412    BD_1_i/RV_IP_AXI_Wrapper_0/inst/S_AXI_ACLK
    SLICE_X9Y115         FDSE                                         r  BD_1_i/RV_IP_AXI_Wrapper_0/inst/rv_reset_reg/C
  -------------------------------------------------------------------    -------------------
    SLICE_X9Y115         FDSE (Prop_EFF_SLICEL_C_Q)
                                                      0.114     3.526 f  BD_1_i/RV_IP_AXI_Wrapper_0/inst/rv_reset_reg/Q
                         net (fo=1, routed)           1.737     5.263    BD_1_i/RV_IP_AXI_Wrapper_0/inst/p_1_in_31[0]_bufg_place
    BUFGCE_X0Y50         BUFGCE (Prop_BUFCE_BUFGCE_I_O)
                                                      0.044     5.307 f  BD_1_i/RV_IP_AXI_Wrapper_0/inst/rv_reset_reg_bufg_place/O
                         net (fo=1299, routed)        1.777     7.083    BD_1_i/RV_IP_AXI_Wrapper_0/inst/rv_core/PROCESSOR/ID_STAGE/RF/p_1_in_31[0]
    SLICE_X13Y101        FDCE                                         f  BD_1_i/RV_IP_AXI_Wrapper_0/inst/rv_core/PROCESSOR/ID_STAGE/RF/Registers_reg[1][31]/CLR
  -------------------------------------------------------------------    -------------------

                         (clock clk_pl_0 rise edge)
                                                     10.000    10.000 r  
    PS8_X0Y0             PS8                          0.000    10.000 r  BD_1_i/zynq_ultra_ps_e_0/inst/PS8_i/PLCLK[0]
                         net (fo=1, routed)           0.181    10.181    BD_1_i/zynq_ultra_ps_e_0/inst/pl_clk_unbuffered[0]
    BUFG_PS_X0Y80        BUFG_PS (Prop_BUFG_PS_I_O)
                                                      0.035    10.216 r  BD_1_i/zynq_ultra_ps_e_0/inst/buffer_pl_clk_0.PL_CLK_0_BUFG/O
    X1Y1 (CLOCK_ROOT)    net (fo=29801, routed)       2.804    13.020    BD_1_i/RV_IP_AXI_Wrapper_0/inst/rv_core/PROCESSOR/ID_STAGE/RF/S_AXI_ACLK
    SLICE_X13Y101        FDCE                                         r  BD_1_i/RV_IP_AXI_Wrapper_0/inst/rv_core/PROCESSOR/ID_STAGE/RF/Registers_reg[1][31]/C
                         clock pessimism              0.240    13.260    
                         clock uncertainty           -0.160    13.100    
    SLICE_X13Y101        FDCE (Recov_DFF2_SLICEM_C_CLR)
                                                     -0.093    13.007    BD_1_i/RV_IP_AXI_Wrapper_0/inst/rv_core/PROCESSOR/ID_STAGE/RF/Registers_reg[1][31]
  -------------------------------------------------------------------
                         required time                         13.007    
                         arrival time                          -7.083    
  -------------------------------------------------------------------
                         slack                                  5.924    

Slack (MET) :             5.924ns  (required time - arrival time)
  Source:                 BD_1_i/RV_IP_AXI_Wrapper_0/inst/rv_reset_reg/C
                            (rising edge-triggered cell FDSE clocked by clk_pl_0  {rise@0.000ns fall@5.000ns period=10.000ns})
  Destination:            BD_1_i/RV_IP_AXI_Wrapper_0/inst/rv_core/PROCESSOR/ID_STAGE/RF/Registers_reg[1][3]/CLR
                            (recovery check against rising-edge clock clk_pl_0  {rise@0.000ns fall@5.000ns period=10.000ns})
  Path Group:             **async_default**
  Path Type:              Recovery (Max at Slow Process Corner)
  Requirement:            10.000ns  (clk_pl_0 rise@10.000ns - clk_pl_0 rise@0.000ns)
  Data Path Delay:        3.672ns  (logic 0.158ns (4.303%)  route 3.514ns (95.697%))
  Logic Levels:           1  (BUFGCE=1)
  Clock Path Skew:        -0.151ns (DCD - SCD + CPR)
    Destination Clock Delay (DCD):    3.020ns = ( 13.020 - 10.000 ) 
    Source Clock Delay      (SCD):    3.412ns
    Clock Pessimism Removal (CPR):    0.240ns
  Clock Uncertainty:      0.160ns  ((TSJ^2 + DJ^2)^1/2) / 2 + PE
    Total System Jitter     (TSJ):    0.071ns
    Discrete Jitter          (DJ):    0.312ns
    Phase Error              (PE):    0.000ns
  Clock Net Delay (Source):      3.145ns (routing 1.584ns, distribution 1.561ns)
  Clock Net Delay (Destination): 2.804ns (routing 1.450ns, distribution 1.354ns)

    Location             Delay type                Incr(ns)  Path(ns)    Netlist Resource(s)
  -------------------------------------------------------------------    -------------------
                         (clock clk_pl_0 rise edge)
                                                      0.000     0.000 r  
    PS8_X0Y0             PS8                          0.000     0.000 r  BD_1_i/zynq_ultra_ps_e_0/inst/PS8_i/PLCLK[0]
                         net (fo=1, routed)           0.229     0.229    BD_1_i/zynq_ultra_ps_e_0/inst/pl_clk_unbuffered[0]
    BUFG_PS_X0Y80        BUFG_PS (Prop_BUFG_PS_I_O)
                                                      0.038     0.267 r  BD_1_i/zynq_ultra_ps_e_0/inst/buffer_pl_clk_0.PL_CLK_0_BUFG/O
    X1Y1 (CLOCK_ROOT)    net (fo=29801, routed)       3.145     3.412    BD_1_i/RV_IP_AXI_Wrapper_0/inst/S_AXI_ACLK
    SLICE_X9Y115         FDSE                                         r  BD_1_i/RV_IP_AXI_Wrapper_0/inst/rv_reset_reg/C
  -------------------------------------------------------------------    -------------------
    SLICE_X9Y115         FDSE (Prop_EFF_SLICEL_C_Q)
                                                      0.114     3.526 f  BD_1_i/RV_IP_AXI_Wrapper_0/inst/rv_reset_reg/Q
                         net (fo=1, routed)           1.737     5.263    BD_1_i/RV_IP_AXI_Wrapper_0/inst/p_1_in_31[0]_bufg_place
    BUFGCE_X0Y50         BUFGCE (Prop_BUFCE_BUFGCE_I_O)
                                                      0.044     5.307 f  BD_1_i/RV_IP_AXI_Wrapper_0/inst/rv_reset_reg_bufg_place/O
                         net (fo=1299, routed)        1.777     7.083    BD_1_i/RV_IP_AXI_Wrapper_0/inst/rv_core/PROCESSOR/ID_STAGE/RF/p_1_in_31[0]
    SLICE_X13Y101        FDCE                                         f  BD_1_i/RV_IP_AXI_Wrapper_0/inst/rv_core/PROCESSOR/ID_STAGE/RF/Registers_reg[1][3]/CLR
  -------------------------------------------------------------------    -------------------

                         (clock clk_pl_0 rise edge)
                                                     10.000    10.000 r  
    PS8_X0Y0             PS8                          0.000    10.000 r  BD_1_i/zynq_ultra_ps_e_0/inst/PS8_i/PLCLK[0]
                         net (fo=1, routed)           0.181    10.181    BD_1_i/zynq_ultra_ps_e_0/inst/pl_clk_unbuffered[0]
    BUFG_PS_X0Y80        BUFG_PS (Prop_BUFG_PS_I_O)
                                                      0.035    10.216 r  BD_1_i/zynq_ultra_ps_e_0/inst/buffer_pl_clk_0.PL_CLK_0_BUFG/O
    X1Y1 (CLOCK_ROOT)    net (fo=29801, routed)       2.804    13.020    BD_1_i/RV_IP_AXI_Wrapper_0/inst/rv_core/PROCESSOR/ID_STAGE/RF/S_AXI_ACLK
    SLICE_X13Y101        FDCE                                         r  BD_1_i/RV_IP_AXI_Wrapper_0/inst/rv_core/PROCESSOR/ID_STAGE/RF/Registers_reg[1][3]/C
                         clock pessimism              0.240    13.260    
                         clock uncertainty           -0.160    13.100    
    SLICE_X13Y101        FDCE (Recov_CFF2_SLICEM_C_CLR)
                                                     -0.093    13.007    BD_1_i/RV_IP_AXI_Wrapper_0/inst/rv_core/PROCESSOR/ID_STAGE/RF/Registers_reg[1][3]
  -------------------------------------------------------------------
                         required time                         13.007    
                         arrival time                          -7.083    
  -------------------------------------------------------------------
                         slack                                  5.924    

Slack (MET) :             5.924ns  (required time - arrival time)
  Source:                 BD_1_i/RV_IP_AXI_Wrapper_0/inst/rv_reset_reg/C
                            (rising edge-triggered cell FDSE clocked by clk_pl_0  {rise@0.000ns fall@5.000ns period=10.000ns})
  Destination:            BD_1_i/RV_IP_AXI_Wrapper_0/inst/rv_core/PROCESSOR/ID_STAGE/RF/Registers_reg[1][4]/CLR
                            (recovery check against rising-edge clock clk_pl_0  {rise@0.000ns fall@5.000ns period=10.000ns})
  Path Group:             **async_default**
  Path Type:              Recovery (Max at Slow Process Corner)
  Requirement:            10.000ns  (clk_pl_0 rise@10.000ns - clk_pl_0 rise@0.000ns)
  Data Path Delay:        3.672ns  (logic 0.158ns (4.303%)  route 3.514ns (95.697%))
  Logic Levels:           1  (BUFGCE=1)
  Clock Path Skew:        -0.151ns (DCD - SCD + CPR)
    Destination Clock Delay (DCD):    3.020ns = ( 13.020 - 10.000 ) 
    Source Clock Delay      (SCD):    3.412ns
    Clock Pessimism Removal (CPR):    0.240ns
  Clock Uncertainty:      0.160ns  ((TSJ^2 + DJ^2)^1/2) / 2 + PE
    Total System Jitter     (TSJ):    0.071ns
    Discrete Jitter          (DJ):    0.312ns
    Phase Error              (PE):    0.000ns
  Clock Net Delay (Source):      3.145ns (routing 1.584ns, distribution 1.561ns)
  Clock Net Delay (Destination): 2.804ns (routing 1.450ns, distribution 1.354ns)

    Location             Delay type                Incr(ns)  Path(ns)    Netlist Resource(s)
  -------------------------------------------------------------------    -------------------
                         (clock clk_pl_0 rise edge)
                                                      0.000     0.000 r  
    PS8_X0Y0             PS8                          0.000     0.000 r  BD_1_i/zynq_ultra_ps_e_0/inst/PS8_i/PLCLK[0]
                         net (fo=1, routed)           0.229     0.229    BD_1_i/zynq_ultra_ps_e_0/inst/pl_clk_unbuffered[0]
    BUFG_PS_X0Y80        BUFG_PS (Prop_BUFG_PS_I_O)
                                                      0.038     0.267 r  BD_1_i/zynq_ultra_ps_e_0/inst/buffer_pl_clk_0.PL_CLK_0_BUFG/O
    X1Y1 (CLOCK_ROOT)    net (fo=29801, routed)       3.145     3.412    BD_1_i/RV_IP_AXI_Wrapper_0/inst/S_AXI_ACLK
    SLICE_X9Y115         FDSE                                         r  BD_1_i/RV_IP_AXI_Wrapper_0/inst/rv_reset_reg/C
  -------------------------------------------------------------------    -------------------
    SLICE_X9Y115         FDSE (Prop_EFF_SLICEL_C_Q)
                                                      0.114     3.526 f  BD_1_i/RV_IP_AXI_Wrapper_0/inst/rv_reset_reg/Q
                         net (fo=1, routed)           1.737     5.263    BD_1_i/RV_IP_AXI_Wrapper_0/inst/p_1_in_31[0]_bufg_place
    BUFGCE_X0Y50         BUFGCE (Prop_BUFCE_BUFGCE_I_O)
                                                      0.044     5.307 f  BD_1_i/RV_IP_AXI_Wrapper_0/inst/rv_reset_reg_bufg_place/O
                         net (fo=1299, routed)        1.777     7.083    BD_1_i/RV_IP_AXI_Wrapper_0/inst/rv_core/PROCESSOR/ID_STAGE/RF/p_1_in_31[0]
    SLICE_X13Y101        FDCE                                         f  BD_1_i/RV_IP_AXI_Wrapper_0/inst/rv_core/PROCESSOR/ID_STAGE/RF/Registers_reg[1][4]/CLR
  -------------------------------------------------------------------    -------------------

                         (clock clk_pl_0 rise edge)
                                                     10.000    10.000 r  
    PS8_X0Y0             PS8                          0.000    10.000 r  BD_1_i/zynq_ultra_ps_e_0/inst/PS8_i/PLCLK[0]
                         net (fo=1, routed)           0.181    10.181    BD_1_i/zynq_ultra_ps_e_0/inst/pl_clk_unbuffered[0]
    BUFG_PS_X0Y80        BUFG_PS (Prop_BUFG_PS_I_O)
                                                      0.035    10.216 r  BD_1_i/zynq_ultra_ps_e_0/inst/buffer_pl_clk_0.PL_CLK_0_BUFG/O
    X1Y1 (CLOCK_ROOT)    net (fo=29801, routed)       2.804    13.020    BD_1_i/RV_IP_AXI_Wrapper_0/inst/rv_core/PROCESSOR/ID_STAGE/RF/S_AXI_ACLK
    SLICE_X13Y101        FDCE                                         r  BD_1_i/RV_IP_AXI_Wrapper_0/inst/rv_core/PROCESSOR/ID_STAGE/RF/Registers_reg[1][4]/C
                         clock pessimism              0.240    13.260    
                         clock uncertainty           -0.160    13.100    
    SLICE_X13Y101        FDCE (Recov_BFF2_SLICEM_C_CLR)
                                                     -0.093    13.007    BD_1_i/RV_IP_AXI_Wrapper_0/inst/rv_core/PROCESSOR/ID_STAGE/RF/Registers_reg[1][4]
  -------------------------------------------------------------------
                         required time                         13.007    
                         arrival time                          -7.083    
  -------------------------------------------------------------------
                         slack                                  5.924    

Slack (MET) :             5.924ns  (required time - arrival time)
  Source:                 BD_1_i/RV_IP_AXI_Wrapper_0/inst/rv_reset_reg/C
                            (rising edge-triggered cell FDSE clocked by clk_pl_0  {rise@0.000ns fall@5.000ns period=10.000ns})
  Destination:            BD_1_i/RV_IP_AXI_Wrapper_0/inst/rv_core/PROCESSOR/ID_STAGE/RF/Registers_reg[1][5]/CLR
                            (recovery check against rising-edge clock clk_pl_0  {rise@0.000ns fall@5.000ns period=10.000ns})
  Path Group:             **async_default**
  Path Type:              Recovery (Max at Slow Process Corner)
  Requirement:            10.000ns  (clk_pl_0 rise@10.000ns - clk_pl_0 rise@0.000ns)
  Data Path Delay:        3.672ns  (logic 0.158ns (4.303%)  route 3.514ns (95.697%))
  Logic Levels:           1  (BUFGCE=1)
  Clock Path Skew:        -0.151ns (DCD - SCD + CPR)
    Destination Clock Delay (DCD):    3.020ns = ( 13.020 - 10.000 ) 
    Source Clock Delay      (SCD):    3.412ns
    Clock Pessimism Removal (CPR):    0.240ns
  Clock Uncertainty:      0.160ns  ((TSJ^2 + DJ^2)^1/2) / 2 + PE
    Total System Jitter     (TSJ):    0.071ns
    Discrete Jitter          (DJ):    0.312ns
    Phase Error              (PE):    0.000ns
  Clock Net Delay (Source):      3.145ns (routing 1.584ns, distribution 1.561ns)
  Clock Net Delay (Destination): 2.804ns (routing 1.450ns, distribution 1.354ns)

    Location             Delay type                Incr(ns)  Path(ns)    Netlist Resource(s)
  -------------------------------------------------------------------    -------------------
                         (clock clk_pl_0 rise edge)
                                                      0.000     0.000 r  
    PS8_X0Y0             PS8                          0.000     0.000 r  BD_1_i/zynq_ultra_ps_e_0/inst/PS8_i/PLCLK[0]
                         net (fo=1, routed)           0.229     0.229    BD_1_i/zynq_ultra_ps_e_0/inst/pl_clk_unbuffered[0]
    BUFG_PS_X0Y80        BUFG_PS (Prop_BUFG_PS_I_O)
                                                      0.038     0.267 r  BD_1_i/zynq_ultra_ps_e_0/inst/buffer_pl_clk_0.PL_CLK_0_BUFG/O
    X1Y1 (CLOCK_ROOT)    net (fo=29801, routed)       3.145     3.412    BD_1_i/RV_IP_AXI_Wrapper_0/inst/S_AXI_ACLK
    SLICE_X9Y115         FDSE                                         r  BD_1_i/RV_IP_AXI_Wrapper_0/inst/rv_reset_reg/C
  -------------------------------------------------------------------    -------------------
    SLICE_X9Y115         FDSE (Prop_EFF_SLICEL_C_Q)
                                                      0.114     3.526 f  BD_1_i/RV_IP_AXI_Wrapper_0/inst/rv_reset_reg/Q
                         net (fo=1, routed)           1.737     5.263    BD_1_i/RV_IP_AXI_Wrapper_0/inst/p_1_in_31[0]_bufg_place
    BUFGCE_X0Y50         BUFGCE (Prop_BUFCE_BUFGCE_I_O)
                                                      0.044     5.307 f  BD_1_i/RV_IP_AXI_Wrapper_0/inst/rv_reset_reg_bufg_place/O
                         net (fo=1299, routed)        1.777     7.083    BD_1_i/RV_IP_AXI_Wrapper_0/inst/rv_core/PROCESSOR/ID_STAGE/RF/p_1_in_31[0]
    SLICE_X13Y101        FDCE                                         f  BD_1_i/RV_IP_AXI_Wrapper_0/inst/rv_core/PROCESSOR/ID_STAGE/RF/Registers_reg[1][5]/CLR
  -------------------------------------------------------------------    -------------------

                         (clock clk_pl_0 rise edge)
                                                     10.000    10.000 r  
    PS8_X0Y0             PS8                          0.000    10.000 r  BD_1_i/zynq_ultra_ps_e_0/inst/PS8_i/PLCLK[0]
                         net (fo=1, routed)           0.181    10.181    BD_1_i/zynq_ultra_ps_e_0/inst/pl_clk_unbuffered[0]
    BUFG_PS_X0Y80        BUFG_PS (Prop_BUFG_PS_I_O)
                                                      0.035    10.216 r  BD_1_i/zynq_ultra_ps_e_0/inst/buffer_pl_clk_0.PL_CLK_0_BUFG/O
    X1Y1 (CLOCK_ROOT)    net (fo=29801, routed)       2.804    13.020    BD_1_i/RV_IP_AXI_Wrapper_0/inst/rv_core/PROCESSOR/ID_STAGE/RF/S_AXI_ACLK
    SLICE_X13Y101        FDCE                                         r  BD_1_i/RV_IP_AXI_Wrapper_0/inst/rv_core/PROCESSOR/ID_STAGE/RF/Registers_reg[1][5]/C
                         clock pessimism              0.240    13.260    
                         clock uncertainty           -0.160    13.100    
    SLICE_X13Y101        FDCE (Recov_AFF2_SLICEM_C_CLR)
                                                     -0.093    13.007    BD_1_i/RV_IP_AXI_Wrapper_0/inst/rv_core/PROCESSOR/ID_STAGE/RF/Registers_reg[1][5]
  -------------------------------------------------------------------
                         required time                         13.007    
                         arrival time                          -7.083    
  -------------------------------------------------------------------
                         slack                                  5.924    

Slack (MET) :             5.924ns  (required time - arrival time)
  Source:                 BD_1_i/RV_IP_AXI_Wrapper_0/inst/rv_reset_reg/C
                            (rising edge-triggered cell FDSE clocked by clk_pl_0  {rise@0.000ns fall@5.000ns period=10.000ns})
  Destination:            BD_1_i/RV_IP_AXI_Wrapper_0/inst/rv_core/PROCESSOR/ID_STAGE/RF/Registers_reg[5][29]/CLR
                            (recovery check against rising-edge clock clk_pl_0  {rise@0.000ns fall@5.000ns period=10.000ns})
  Path Group:             **async_default**
  Path Type:              Recovery (Max at Slow Process Corner)
  Requirement:            10.000ns  (clk_pl_0 rise@10.000ns - clk_pl_0 rise@0.000ns)
  Data Path Delay:        3.672ns  (logic 0.158ns (4.303%)  route 3.514ns (95.697%))
  Logic Levels:           1  (BUFGCE=1)
  Clock Path Skew:        -0.151ns (DCD - SCD + CPR)
    Destination Clock Delay (DCD):    3.020ns = ( 13.020 - 10.000 ) 
    Source Clock Delay      (SCD):    3.412ns
    Clock Pessimism Removal (CPR):    0.240ns
  Clock Uncertainty:      0.160ns  ((TSJ^2 + DJ^2)^1/2) / 2 + PE
    Total System Jitter     (TSJ):    0.071ns
    Discrete Jitter          (DJ):    0.312ns
    Phase Error              (PE):    0.000ns
  Clock Net Delay (Source):      3.145ns (routing 1.584ns, distribution 1.561ns)
  Clock Net Delay (Destination): 2.804ns (routing 1.450ns, distribution 1.354ns)

    Location             Delay type                Incr(ns)  Path(ns)    Netlist Resource(s)
  -------------------------------------------------------------------    -------------------
                         (clock clk_pl_0 rise edge)
                                                      0.000     0.000 r  
    PS8_X0Y0             PS8                          0.000     0.000 r  BD_1_i/zynq_ultra_ps_e_0/inst/PS8_i/PLCLK[0]
                         net (fo=1, routed)           0.229     0.229    BD_1_i/zynq_ultra_ps_e_0/inst/pl_clk_unbuffered[0]
    BUFG_PS_X0Y80        BUFG_PS (Prop_BUFG_PS_I_O)
                                                      0.038     0.267 r  BD_1_i/zynq_ultra_ps_e_0/inst/buffer_pl_clk_0.PL_CLK_0_BUFG/O
    X1Y1 (CLOCK_ROOT)    net (fo=29801, routed)       3.145     3.412    BD_1_i/RV_IP_AXI_Wrapper_0/inst/S_AXI_ACLK
    SLICE_X9Y115         FDSE                                         r  BD_1_i/RV_IP_AXI_Wrapper_0/inst/rv_reset_reg/C
  -------------------------------------------------------------------    -------------------
    SLICE_X9Y115         FDSE (Prop_EFF_SLICEL_C_Q)
                                                      0.114     3.526 f  BD_1_i/RV_IP_AXI_Wrapper_0/inst/rv_reset_reg/Q
                         net (fo=1, routed)           1.737     5.263    BD_1_i/RV_IP_AXI_Wrapper_0/inst/p_1_in_31[0]_bufg_place
    BUFGCE_X0Y50         BUFGCE (Prop_BUFCE_BUFGCE_I_O)
                                                      0.044     5.307 f  BD_1_i/RV_IP_AXI_Wrapper_0/inst/rv_reset_reg_bufg_place/O
                         net (fo=1299, routed)        1.777     7.083    BD_1_i/RV_IP_AXI_Wrapper_0/inst/rv_core/PROCESSOR/ID_STAGE/RF/p_1_in_31[0]
    SLICE_X13Y101        FDCE                                         f  BD_1_i/RV_IP_AXI_Wrapper_0/inst/rv_core/PROCESSOR/ID_STAGE/RF/Registers_reg[5][29]/CLR
  -------------------------------------------------------------------    -------------------

                         (clock clk_pl_0 rise edge)
                                                     10.000    10.000 r  
    PS8_X0Y0             PS8                          0.000    10.000 r  BD_1_i/zynq_ultra_ps_e_0/inst/PS8_i/PLCLK[0]
                         net (fo=1, routed)           0.181    10.181    BD_1_i/zynq_ultra_ps_e_0/inst/pl_clk_unbuffered[0]
    BUFG_PS_X0Y80        BUFG_PS (Prop_BUFG_PS_I_O)
                                                      0.035    10.216 r  BD_1_i/zynq_ultra_ps_e_0/inst/buffer_pl_clk_0.PL_CLK_0_BUFG/O
    X1Y1 (CLOCK_ROOT)    net (fo=29801, routed)       2.804    13.020    BD_1_i/RV_IP_AXI_Wrapper_0/inst/rv_core/PROCESSOR/ID_STAGE/RF/S_AXI_ACLK
    SLICE_X13Y101        FDCE                                         r  BD_1_i/RV_IP_AXI_Wrapper_0/inst/rv_core/PROCESSOR/ID_STAGE/RF/Registers_reg[5][29]/C
                         clock pessimism              0.240    13.260    
                         clock uncertainty           -0.160    13.100    
    SLICE_X13Y101        FDCE (Recov_DFF_SLICEM_C_CLR)
                                                     -0.093    13.007    BD_1_i/RV_IP_AXI_Wrapper_0/inst/rv_core/PROCESSOR/ID_STAGE/RF/Registers_reg[5][29]
  -------------------------------------------------------------------
                         required time                         13.007    
                         arrival time                          -7.083    
  -------------------------------------------------------------------
                         slack                                  5.924    

Slack (MET) :             5.925ns  (required time - arrival time)
  Source:                 BD_1_i/RV_IP_AXI_Wrapper_0/inst/rv_reset_reg/C
                            (rising edge-triggered cell FDSE clocked by clk_pl_0  {rise@0.000ns fall@5.000ns period=10.000ns})
  Destination:            BD_1_i/RV_IP_AXI_Wrapper_0/inst/rv_core/PROCESSOR/ID_STAGE/RF/Registers_reg[4][27]/CLR
                            (recovery check against rising-edge clock clk_pl_0  {rise@0.000ns fall@5.000ns period=10.000ns})
  Path Group:             **async_default**
  Path Type:              Recovery (Max at Slow Process Corner)
  Requirement:            10.000ns  (clk_pl_0 rise@10.000ns - clk_pl_0 rise@0.000ns)
  Data Path Delay:        3.657ns  (logic 0.158ns (4.321%)  route 3.499ns (95.679%))
  Logic Levels:           1  (BUFGCE=1)
  Clock Path Skew:        -0.165ns (DCD - SCD + CPR)
    Destination Clock Delay (DCD):    3.006ns = ( 13.006 - 10.000 ) 
    Source Clock Delay      (SCD):    3.412ns
    Clock Pessimism Removal (CPR):    0.240ns
  Clock Uncertainty:      0.160ns  ((TSJ^2 + DJ^2)^1/2) / 2 + PE
    Total System Jitter     (TSJ):    0.071ns
    Discrete Jitter          (DJ):    0.312ns
    Phase Error              (PE):    0.000ns
  Clock Net Delay (Source):      3.145ns (routing 1.584ns, distribution 1.561ns)
  Clock Net Delay (Destination): 2.790ns (routing 1.450ns, distribution 1.340ns)

    Location             Delay type                Incr(ns)  Path(ns)    Netlist Resource(s)
  -------------------------------------------------------------------    -------------------
                         (clock clk_pl_0 rise edge)
                                                      0.000     0.000 r  
    PS8_X0Y0             PS8                          0.000     0.000 r  BD_1_i/zynq_ultra_ps_e_0/inst/PS8_i/PLCLK[0]
                         net (fo=1, routed)           0.229     0.229    BD_1_i/zynq_ultra_ps_e_0/inst/pl_clk_unbuffered[0]
    BUFG_PS_X0Y80        BUFG_PS (Prop_BUFG_PS_I_O)
                                                      0.038     0.267 r  BD_1_i/zynq_ultra_ps_e_0/inst/buffer_pl_clk_0.PL_CLK_0_BUFG/O
    X1Y1 (CLOCK_ROOT)    net (fo=29801, routed)       3.145     3.412    BD_1_i/RV_IP_AXI_Wrapper_0/inst/S_AXI_ACLK
    SLICE_X9Y115         FDSE                                         r  BD_1_i/RV_IP_AXI_Wrapper_0/inst/rv_reset_reg/C
  -------------------------------------------------------------------    -------------------
    SLICE_X9Y115         FDSE (Prop_EFF_SLICEL_C_Q)
                                                      0.114     3.526 f  BD_1_i/RV_IP_AXI_Wrapper_0/inst/rv_reset_reg/Q
                         net (fo=1, routed)           1.737     5.263    BD_1_i/RV_IP_AXI_Wrapper_0/inst/p_1_in_31[0]_bufg_place
    BUFGCE_X0Y50         BUFGCE (Prop_BUFCE_BUFGCE_I_O)
                                                      0.044     5.307 f  BD_1_i/RV_IP_AXI_Wrapper_0/inst/rv_reset_reg_bufg_place/O
                         net (fo=1299, routed)        1.762     7.068    BD_1_i/RV_IP_AXI_Wrapper_0/inst/rv_core/PROCESSOR/ID_STAGE/RF/p_1_in_31[0]
    SLICE_X18Y100        FDCE                                         f  BD_1_i/RV_IP_AXI_Wrapper_0/inst/rv_core/PROCESSOR/ID_STAGE/RF/Registers_reg[4][27]/CLR
  -------------------------------------------------------------------    -------------------

                         (clock clk_pl_0 rise edge)
                                                     10.000    10.000 r  
    PS8_X0Y0             PS8                          0.000    10.000 r  BD_1_i/zynq_ultra_ps_e_0/inst/PS8_i/PLCLK[0]
                         net (fo=1, routed)           0.181    10.181    BD_1_i/zynq_ultra_ps_e_0/inst/pl_clk_unbuffered[0]
    BUFG_PS_X0Y80        BUFG_PS (Prop_BUFG_PS_I_O)
                                                      0.035    10.216 r  BD_1_i/zynq_ultra_ps_e_0/inst/buffer_pl_clk_0.PL_CLK_0_BUFG/O
    X1Y1 (CLOCK_ROOT)    net (fo=29801, routed)       2.790    13.006    BD_1_i/RV_IP_AXI_Wrapper_0/inst/rv_core/PROCESSOR/ID_STAGE/RF/S_AXI_ACLK
    SLICE_X18Y100        FDCE                                         r  BD_1_i/RV_IP_AXI_Wrapper_0/inst/rv_core/PROCESSOR/ID_STAGE/RF/Registers_reg[4][27]/C
                         clock pessimism              0.240    13.246    
                         clock uncertainty           -0.160    13.086    
    SLICE_X18Y100        FDCE (Recov_DFF_SLICEM_C_CLR)
                                                     -0.093    12.993    BD_1_i/RV_IP_AXI_Wrapper_0/inst/rv_core/PROCESSOR/ID_STAGE/RF/Registers_reg[4][27]
  -------------------------------------------------------------------
                         required time                         12.993    
                         arrival time                          -7.068    
  -------------------------------------------------------------------
                         slack                                  5.925    

Slack (MET) :             5.925ns  (required time - arrival time)
  Source:                 BD_1_i/RV_IP_AXI_Wrapper_0/inst/rv_reset_reg/C
                            (rising edge-triggered cell FDSE clocked by clk_pl_0  {rise@0.000ns fall@5.000ns period=10.000ns})
  Destination:            BD_1_i/RV_IP_AXI_Wrapper_0/inst/rv_core/PROCESSOR/ID_STAGE/RF/Registers_reg[5][27]/CLR
                            (recovery check against rising-edge clock clk_pl_0  {rise@0.000ns fall@5.000ns period=10.000ns})
  Path Group:             **async_default**
  Path Type:              Recovery (Max at Slow Process Corner)
  Requirement:            10.000ns  (clk_pl_0 rise@10.000ns - clk_pl_0 rise@0.000ns)
  Data Path Delay:        3.657ns  (logic 0.158ns (4.321%)  route 3.499ns (95.679%))
  Logic Levels:           1  (BUFGCE=1)
  Clock Path Skew:        -0.165ns (DCD - SCD + CPR)
    Destination Clock Delay (DCD):    3.006ns = ( 13.006 - 10.000 ) 
    Source Clock Delay      (SCD):    3.412ns
    Clock Pessimism Removal (CPR):    0.240ns
  Clock Uncertainty:      0.160ns  ((TSJ^2 + DJ^2)^1/2) / 2 + PE
    Total System Jitter     (TSJ):    0.071ns
    Discrete Jitter          (DJ):    0.312ns
    Phase Error              (PE):    0.000ns
  Clock Net Delay (Source):      3.145ns (routing 1.584ns, distribution 1.561ns)
  Clock Net Delay (Destination): 2.790ns (routing 1.450ns, distribution 1.340ns)

    Location             Delay type                Incr(ns)  Path(ns)    Netlist Resource(s)
  -------------------------------------------------------------------    -------------------
                         (clock clk_pl_0 rise edge)
                                                      0.000     0.000 r  
    PS8_X0Y0             PS8                          0.000     0.000 r  BD_1_i/zynq_ultra_ps_e_0/inst/PS8_i/PLCLK[0]
                         net (fo=1, routed)           0.229     0.229    BD_1_i/zynq_ultra_ps_e_0/inst/pl_clk_unbuffered[0]
    BUFG_PS_X0Y80        BUFG_PS (Prop_BUFG_PS_I_O)
                                                      0.038     0.267 r  BD_1_i/zynq_ultra_ps_e_0/inst/buffer_pl_clk_0.PL_CLK_0_BUFG/O
    X1Y1 (CLOCK_ROOT)    net (fo=29801, routed)       3.145     3.412    BD_1_i/RV_IP_AXI_Wrapper_0/inst/S_AXI_ACLK
    SLICE_X9Y115         FDSE                                         r  BD_1_i/RV_IP_AXI_Wrapper_0/inst/rv_reset_reg/C
  -------------------------------------------------------------------    -------------------
    SLICE_X9Y115         FDSE (Prop_EFF_SLICEL_C_Q)
                                                      0.114     3.526 f  BD_1_i/RV_IP_AXI_Wrapper_0/inst/rv_reset_reg/Q
                         net (fo=1, routed)           1.737     5.263    BD_1_i/RV_IP_AXI_Wrapper_0/inst/p_1_in_31[0]_bufg_place
    BUFGCE_X0Y50         BUFGCE (Prop_BUFCE_BUFGCE_I_O)
                                                      0.044     5.307 f  BD_1_i/RV_IP_AXI_Wrapper_0/inst/rv_reset_reg_bufg_place/O
                         net (fo=1299, routed)        1.762     7.068    BD_1_i/RV_IP_AXI_Wrapper_0/inst/rv_core/PROCESSOR/ID_STAGE/RF/p_1_in_31[0]
    SLICE_X18Y100        FDCE                                         f  BD_1_i/RV_IP_AXI_Wrapper_0/inst/rv_core/PROCESSOR/ID_STAGE/RF/Registers_reg[5][27]/CLR
  -------------------------------------------------------------------    -------------------

                         (clock clk_pl_0 rise edge)
                                                     10.000    10.000 r  
    PS8_X0Y0             PS8                          0.000    10.000 r  BD_1_i/zynq_ultra_ps_e_0/inst/PS8_i/PLCLK[0]
                         net (fo=1, routed)           0.181    10.181    BD_1_i/zynq_ultra_ps_e_0/inst/pl_clk_unbuffered[0]
    BUFG_PS_X0Y80        BUFG_PS (Prop_BUFG_PS_I_O)
                                                      0.035    10.216 r  BD_1_i/zynq_ultra_ps_e_0/inst/buffer_pl_clk_0.PL_CLK_0_BUFG/O
    X1Y1 (CLOCK_ROOT)    net (fo=29801, routed)       2.790    13.006    BD_1_i/RV_IP_AXI_Wrapper_0/inst/rv_core/PROCESSOR/ID_STAGE/RF/S_AXI_ACLK
    SLICE_X18Y100        FDCE                                         r  BD_1_i/RV_IP_AXI_Wrapper_0/inst/rv_core/PROCESSOR/ID_STAGE/RF/Registers_reg[5][27]/C
                         clock pessimism              0.240    13.246    
                         clock uncertainty           -0.160    13.086    
    SLICE_X18Y100        FDCE (Recov_DFF2_SLICEM_C_CLR)
                                                     -0.093    12.993    BD_1_i/RV_IP_AXI_Wrapper_0/inst/rv_core/PROCESSOR/ID_STAGE/RF/Registers_reg[5][27]
  -------------------------------------------------------------------
                         required time                         12.993    
                         arrival time                          -7.068    
  -------------------------------------------------------------------
                         slack                                  5.925    

Slack (MET) :             5.925ns  (required time - arrival time)
  Source:                 BD_1_i/RV_IP_AXI_Wrapper_0/inst/rv_reset_reg/C
                            (rising edge-triggered cell FDSE clocked by clk_pl_0  {rise@0.000ns fall@5.000ns period=10.000ns})
  Destination:            BD_1_i/RV_IP_AXI_Wrapper_0/inst/rv_core/PROCESSOR/ID_STAGE/RF/Registers_reg[11][14]/CLR
                            (recovery check against rising-edge clock clk_pl_0  {rise@0.000ns fall@5.000ns period=10.000ns})
  Path Group:             **async_default**
  Path Type:              Recovery (Max at Slow Process Corner)
  Requirement:            10.000ns  (clk_pl_0 rise@10.000ns - clk_pl_0 rise@0.000ns)
  Data Path Delay:        3.656ns  (logic 0.158ns (4.322%)  route 3.498ns (95.678%))
  Logic Levels:           1  (BUFGCE=1)
  Clock Path Skew:        -0.166ns (DCD - SCD + CPR)
    Destination Clock Delay (DCD):    3.005ns = ( 13.005 - 10.000 ) 
    Source Clock Delay      (SCD):    3.412ns
    Clock Pessimism Removal (CPR):    0.240ns
  Clock Uncertainty:      0.160ns  ((TSJ^2 + DJ^2)^1/2) / 2 + PE
    Total System Jitter     (TSJ):    0.071ns
    Discrete Jitter          (DJ):    0.312ns
    Phase Error              (PE):    0.000ns
  Clock Net Delay (Source):      3.145ns (routing 1.584ns, distribution 1.561ns)
  Clock Net Delay (Destination): 2.789ns (routing 1.450ns, distribution 1.339ns)

    Location             Delay type                Incr(ns)  Path(ns)    Netlist Resource(s)
  -------------------------------------------------------------------    -------------------
                         (clock clk_pl_0 rise edge)
                                                      0.000     0.000 r  
    PS8_X0Y0             PS8                          0.000     0.000 r  BD_1_i/zynq_ultra_ps_e_0/inst/PS8_i/PLCLK[0]
                         net (fo=1, routed)           0.229     0.229    BD_1_i/zynq_ultra_ps_e_0/inst/pl_clk_unbuffered[0]
    BUFG_PS_X0Y80        BUFG_PS (Prop_BUFG_PS_I_O)
                                                      0.038     0.267 r  BD_1_i/zynq_ultra_ps_e_0/inst/buffer_pl_clk_0.PL_CLK_0_BUFG/O
    X1Y1 (CLOCK_ROOT)    net (fo=29801, routed)       3.145     3.412    BD_1_i/RV_IP_AXI_Wrapper_0/inst/S_AXI_ACLK
    SLICE_X9Y115         FDSE                                         r  BD_1_i/RV_IP_AXI_Wrapper_0/inst/rv_reset_reg/C
  -------------------------------------------------------------------    -------------------
    SLICE_X9Y115         FDSE (Prop_EFF_SLICEL_C_Q)
                                                      0.114     3.526 f  BD_1_i/RV_IP_AXI_Wrapper_0/inst/rv_reset_reg/Q
                         net (fo=1, routed)           1.737     5.263    BD_1_i/RV_IP_AXI_Wrapper_0/inst/p_1_in_31[0]_bufg_place
    BUFGCE_X0Y50         BUFGCE (Prop_BUFCE_BUFGCE_I_O)
                                                      0.044     5.307 f  BD_1_i/RV_IP_AXI_Wrapper_0/inst/rv_reset_reg_bufg_place/O
                         net (fo=1299, routed)        1.761     7.067    BD_1_i/RV_IP_AXI_Wrapper_0/inst/rv_core/PROCESSOR/ID_STAGE/RF/p_1_in_31[0]
    SLICE_X18Y99         FDCE                                         f  BD_1_i/RV_IP_AXI_Wrapper_0/inst/rv_core/PROCESSOR/ID_STAGE/RF/Registers_reg[11][14]/CLR
  -------------------------------------------------------------------    -------------------

                         (clock clk_pl_0 rise edge)
                                                     10.000    10.000 r  
    PS8_X0Y0             PS8                          0.000    10.000 r  BD_1_i/zynq_ultra_ps_e_0/inst/PS8_i/PLCLK[0]
                         net (fo=1, routed)           0.181    10.181    BD_1_i/zynq_ultra_ps_e_0/inst/pl_clk_unbuffered[0]
    BUFG_PS_X0Y80        BUFG_PS (Prop_BUFG_PS_I_O)
                                                      0.035    10.216 r  BD_1_i/zynq_ultra_ps_e_0/inst/buffer_pl_clk_0.PL_CLK_0_BUFG/O
    X1Y1 (CLOCK_ROOT)    net (fo=29801, routed)       2.789    13.005    BD_1_i/RV_IP_AXI_Wrapper_0/inst/rv_core/PROCESSOR/ID_STAGE/RF/S_AXI_ACLK
    SLICE_X18Y99         FDCE                                         r  BD_1_i/RV_IP_AXI_Wrapper_0/inst/rv_core/PROCESSOR/ID_STAGE/RF/Registers_reg[11][14]/C
                         clock pessimism              0.240    13.245    
                         clock uncertainty           -0.160    13.085    
    SLICE_X18Y99         FDCE (Recov_DFF_SLICEM_C_CLR)
                                                     -0.093    12.992    BD_1_i/RV_IP_AXI_Wrapper_0/inst/rv_core/PROCESSOR/ID_STAGE/RF/Registers_reg[11][14]
  -------------------------------------------------------------------
                         required time                         12.992    
                         arrival time                          -7.067    
  -------------------------------------------------------------------
                         slack                                  5.925    





Min Delay Paths
--------------------------------------------------------------------------------------
Slack (MET) :             0.226ns  (arrival time - required time)
  Source:                 BD_1_i/ps8_0_axi_periph/s00_couplers/auto_ds/inst/gen_downsizer.gen_simple_downsizer.axi_downsizer_inst/USE_WRITE.write_addr_inst/USE_B_CHANNEL.cmd_b_queue/inst/fifo_gen_inst/inst_fifo_gen/gconvfifo.rf/grf.rf/rstblk/ngwrdrst.grst.g7serrst.gnsckt_wrst.gcc_rst.sckt_wr_rst_cc_reg[0]/C
                            (rising edge-triggered cell FDRE clocked by clk_pl_0  {rise@0.000ns fall@5.000ns period=10.000ns})
  Destination:            BD_1_i/ps8_0_axi_periph/s00_couplers/auto_ds/inst/gen_downsizer.gen_simple_downsizer.axi_downsizer_inst/USE_WRITE.write_addr_inst/USE_B_CHANNEL.cmd_b_queue/inst/fifo_gen_inst/inst_fifo_gen/gconvfifo.rf/grf.rf/gntv_or_sync_fifo.gl0.rd/gr1.gr1_int.rfwft/aempty_fwft_fb_i_reg/PRE
                            (removal check against rising-edge clock clk_pl_0  {rise@0.000ns fall@5.000ns period=10.000ns})
  Path Group:             **async_default**
  Path Type:              Removal (Min at Fast Process Corner)
  Requirement:            0.000ns  (clk_pl_0 rise@0.000ns - clk_pl_0 rise@0.000ns)
  Data Path Delay:        0.217ns  (logic 0.121ns (55.856%)  route 0.096ns (44.144%))
  Logic Levels:           1  (LUT3=1)
  Clock Path Skew:        0.009ns (DCD - SCD - CPR)
    Destination Clock Delay (DCD):    2.061ns
    Source Clock Delay      (SCD):    1.868ns
    Clock Pessimism Removal (CPR):    0.185ns
  Clock Net Delay (Source):      1.717ns (routing 0.886ns, distribution 0.831ns)
  Clock Net Delay (Destination): 1.874ns (routing 0.971ns, distribution 0.903ns)

    Location             Delay type                Incr(ns)  Path(ns)    Netlist Resource(s)
  -------------------------------------------------------------------    -------------------
                         (clock clk_pl_0 rise edge)
                                                      0.000     0.000 r  
    PS8_X0Y0             PS8                          0.000     0.000 r  BD_1_i/zynq_ultra_ps_e_0/inst/PS8_i/PLCLK[0]
                         net (fo=1, routed)           0.129     0.129    BD_1_i/zynq_ultra_ps_e_0/inst/pl_clk_unbuffered[0]
    BUFG_PS_X0Y80        BUFG_PS (Prop_BUFG_PS_I_O)
                                                      0.022     0.151 r  BD_1_i/zynq_ultra_ps_e_0/inst/buffer_pl_clk_0.PL_CLK_0_BUFG/O
    X1Y1 (CLOCK_ROOT)    net (fo=29801, routed)       1.717     1.868    BD_1_i/ps8_0_axi_periph/s00_couplers/auto_ds/inst/gen_downsizer.gen_simple_downsizer.axi_downsizer_inst/USE_WRITE.write_addr_inst/USE_B_CHANNEL.cmd_b_queue/inst/fifo_gen_inst/inst_fifo_gen/gconvfifo.rf/grf.rf/rstblk/clk
    SLICE_X0Y75          FDRE                                         r  BD_1_i/ps8_0_axi_periph/s00_couplers/auto_ds/inst/gen_downsizer.gen_simple_downsizer.axi_downsizer_inst/USE_WRITE.write_addr_inst/USE_B_CHANNEL.cmd_b_queue/inst/fifo_gen_inst/inst_fifo_gen/gconvfifo.rf/grf.rf/rstblk/ngwrdrst.grst.g7serrst.gnsckt_wrst.gcc_rst.sckt_wr_rst_cc_reg[0]/C
  -------------------------------------------------------------------    -------------------
    SLICE_X0Y75          FDRE (Prop_EFF_SLICEL_C_Q)
                                                      0.084     1.952 f  BD_1_i/ps8_0_axi_periph/s00_couplers/auto_ds/inst/gen_downsizer.gen_simple_downsizer.axi_downsizer_inst/USE_WRITE.write_addr_inst/USE_B_CHANNEL.cmd_b_queue/inst/fifo_gen_inst/inst_fifo_gen/gconvfifo.rf/grf.rf/rstblk/ngwrdrst.grst.g7serrst.gnsckt_wrst.gcc_rst.sckt_wr_rst_cc_reg[0]/Q
                         net (fo=3, routed)           0.026     1.978    BD_1_i/ps8_0_axi_periph/s00_couplers/auto_ds/inst/gen_downsizer.gen_simple_downsizer.axi_downsizer_inst/USE_WRITE.write_addr_inst/USE_B_CHANNEL.cmd_b_queue/inst/fifo_gen_inst/inst_fifo_gen/gconvfifo.rf/grf.rf/rstblk/ngwrdrst.grst.g7serrst.gnsckt_wrst.gcc_rst.sckt_wr_rst_cc[0]
    SLICE_X0Y75          LUT3 (Prop_F6LUT_SLICEL_I1_O)
                                                      0.037     2.015 f  BD_1_i/ps8_0_axi_periph/s00_couplers/auto_ds/inst/gen_downsizer.gen_simple_downsizer.axi_downsizer_inst/USE_WRITE.write_addr_inst/USE_B_CHANNEL.cmd_b_queue/inst/fifo_gen_inst/inst_fifo_gen/gconvfifo.rf/grf.rf/rstblk/gpregsm1.curr_fwft_state[1]_i_2/O
                         net (fo=32, routed)          0.070     2.084    BD_1_i/ps8_0_axi_periph/s00_couplers/auto_ds/inst/gen_downsizer.gen_simple_downsizer.axi_downsizer_inst/USE_WRITE.write_addr_inst/USE_B_CHANNEL.cmd_b_queue/inst/fifo_gen_inst/inst_fifo_gen/gconvfifo.rf/grf.rf/gntv_or_sync_fifo.gl0.rd/gr1.gr1_int.rfwft/gpregsm1.user_valid_reg_0
    SLICE_X0Y75          FDPE                                         f  BD_1_i/ps8_0_axi_periph/s00_couplers/auto_ds/inst/gen_downsizer.gen_simple_downsizer.axi_downsizer_inst/USE_WRITE.write_addr_inst/USE_B_CHANNEL.cmd_b_queue/inst/fifo_gen_inst/inst_fifo_gen/gconvfifo.rf/grf.rf/gntv_or_sync_fifo.gl0.rd/gr1.gr1_int.rfwft/aempty_fwft_fb_i_reg/PRE
  -------------------------------------------------------------------    -------------------

                         (clock clk_pl_0 rise edge)
                                                      0.000     0.000 r  
    PS8_X0Y0             PS8                          0.000     0.000 r  BD_1_i/zynq_ultra_ps_e_0/inst/PS8_i/PLCLK[0]
                         net (fo=1, routed)           0.164     0.164    BD_1_i/zynq_ultra_ps_e_0/inst/pl_clk_unbuffered[0]
    BUFG_PS_X0Y80        BUFG_PS (Prop_BUFG_PS_I_O)
                                                      0.023     0.187 r  BD_1_i/zynq_ultra_ps_e_0/inst/buffer_pl_clk_0.PL_CLK_0_BUFG/O
    X1Y1 (CLOCK_ROOT)    net (fo=29801, routed)       1.874     2.061    BD_1_i/ps8_0_axi_periph/s00_couplers/auto_ds/inst/gen_downsizer.gen_simple_downsizer.axi_downsizer_inst/USE_WRITE.write_addr_inst/USE_B_CHANNEL.cmd_b_queue/inst/fifo_gen_inst/inst_fifo_gen/gconvfifo.rf/grf.rf/gntv_or_sync_fifo.gl0.rd/gr1.gr1_int.rfwft/clk
    SLICE_X0Y75          FDPE                                         r  BD_1_i/ps8_0_axi_periph/s00_couplers/auto_ds/inst/gen_downsizer.gen_simple_downsizer.axi_downsizer_inst/USE_WRITE.write_addr_inst/USE_B_CHANNEL.cmd_b_queue/inst/fifo_gen_inst/inst_fifo_gen/gconvfifo.rf/grf.rf/gntv_or_sync_fifo.gl0.rd/gr1.gr1_int.rfwft/aempty_fwft_fb_i_reg/C
                         clock pessimism             -0.185     1.876    
    SLICE_X0Y75          FDPE (Remov_AFF_SLICEL_C_PRE)
                                                     -0.018     1.858    BD_1_i/ps8_0_axi_periph/s00_couplers/auto_ds/inst/gen_downsizer.gen_simple_downsizer.axi_downsizer_inst/USE_WRITE.write_addr_inst/USE_B_CHANNEL.cmd_b_queue/inst/fifo_gen_inst/inst_fifo_gen/gconvfifo.rf/grf.rf/gntv_or_sync_fifo.gl0.rd/gr1.gr1_int.rfwft/aempty_fwft_fb_i_reg
  -------------------------------------------------------------------
                         required time                         -1.858    
                         arrival time                           2.084    
  -------------------------------------------------------------------
                         slack                                  0.226    

Slack (MET) :             0.226ns  (arrival time - required time)
  Source:                 BD_1_i/ps8_0_axi_periph/s00_couplers/auto_ds/inst/gen_downsizer.gen_simple_downsizer.axi_downsizer_inst/USE_WRITE.write_addr_inst/USE_B_CHANNEL.cmd_b_queue/inst/fifo_gen_inst/inst_fifo_gen/gconvfifo.rf/grf.rf/rstblk/ngwrdrst.grst.g7serrst.gnsckt_wrst.gcc_rst.sckt_wr_rst_cc_reg[0]/C
                            (rising edge-triggered cell FDRE clocked by clk_pl_0  {rise@0.000ns fall@5.000ns period=10.000ns})
  Destination:            BD_1_i/ps8_0_axi_periph/s00_couplers/auto_ds/inst/gen_downsizer.gen_simple_downsizer.axi_downsizer_inst/USE_WRITE.write_addr_inst/USE_B_CHANNEL.cmd_b_queue/inst/fifo_gen_inst/inst_fifo_gen/gconvfifo.rf/grf.rf/gntv_or_sync_fifo.gl0.rd/gr1.gr1_int.rfwft/aempty_fwft_i_reg/PRE
                            (removal check against rising-edge clock clk_pl_0  {rise@0.000ns fall@5.000ns period=10.000ns})
  Path Group:             **async_default**
  Path Type:              Removal (Min at Fast Process Corner)
  Requirement:            0.000ns  (clk_pl_0 rise@0.000ns - clk_pl_0 rise@0.000ns)
  Data Path Delay:        0.217ns  (logic 0.121ns (55.856%)  route 0.096ns (44.144%))
  Logic Levels:           1  (LUT3=1)
  Clock Path Skew:        0.009ns (DCD - SCD - CPR)
    Destination Clock Delay (DCD):    2.061ns
    Source Clock Delay      (SCD):    1.868ns
    Clock Pessimism Removal (CPR):    0.185ns
  Clock Net Delay (Source):      1.717ns (routing 0.886ns, distribution 0.831ns)
  Clock Net Delay (Destination): 1.874ns (routing 0.971ns, distribution 0.903ns)

    Location             Delay type                Incr(ns)  Path(ns)    Netlist Resource(s)
  -------------------------------------------------------------------    -------------------
                         (clock clk_pl_0 rise edge)
                                                      0.000     0.000 r  
    PS8_X0Y0             PS8                          0.000     0.000 r  BD_1_i/zynq_ultra_ps_e_0/inst/PS8_i/PLCLK[0]
                         net (fo=1, routed)           0.129     0.129    BD_1_i/zynq_ultra_ps_e_0/inst/pl_clk_unbuffered[0]
    BUFG_PS_X0Y80        BUFG_PS (Prop_BUFG_PS_I_O)
                                                      0.022     0.151 r  BD_1_i/zynq_ultra_ps_e_0/inst/buffer_pl_clk_0.PL_CLK_0_BUFG/O
    X1Y1 (CLOCK_ROOT)    net (fo=29801, routed)       1.717     1.868    BD_1_i/ps8_0_axi_periph/s00_couplers/auto_ds/inst/gen_downsizer.gen_simple_downsizer.axi_downsizer_inst/USE_WRITE.write_addr_inst/USE_B_CHANNEL.cmd_b_queue/inst/fifo_gen_inst/inst_fifo_gen/gconvfifo.rf/grf.rf/rstblk/clk
    SLICE_X0Y75          FDRE                                         r  BD_1_i/ps8_0_axi_periph/s00_couplers/auto_ds/inst/gen_downsizer.gen_simple_downsizer.axi_downsizer_inst/USE_WRITE.write_addr_inst/USE_B_CHANNEL.cmd_b_queue/inst/fifo_gen_inst/inst_fifo_gen/gconvfifo.rf/grf.rf/rstblk/ngwrdrst.grst.g7serrst.gnsckt_wrst.gcc_rst.sckt_wr_rst_cc_reg[0]/C
  -------------------------------------------------------------------    -------------------
    SLICE_X0Y75          FDRE (Prop_EFF_SLICEL_C_Q)
                                                      0.084     1.952 f  BD_1_i/ps8_0_axi_periph/s00_couplers/auto_ds/inst/gen_downsizer.gen_simple_downsizer.axi_downsizer_inst/USE_WRITE.write_addr_inst/USE_B_CHANNEL.cmd_b_queue/inst/fifo_gen_inst/inst_fifo_gen/gconvfifo.rf/grf.rf/rstblk/ngwrdrst.grst.g7serrst.gnsckt_wrst.gcc_rst.sckt_wr_rst_cc_reg[0]/Q
                         net (fo=3, routed)           0.026     1.978    BD_1_i/ps8_0_axi_periph/s00_couplers/auto_ds/inst/gen_downsizer.gen_simple_downsizer.axi_downsizer_inst/USE_WRITE.write_addr_inst/USE_B_CHANNEL.cmd_b_queue/inst/fifo_gen_inst/inst_fifo_gen/gconvfifo.rf/grf.rf/rstblk/ngwrdrst.grst.g7serrst.gnsckt_wrst.gcc_rst.sckt_wr_rst_cc[0]
    SLICE_X0Y75          LUT3 (Prop_F6LUT_SLICEL_I1_O)
                                                      0.037     2.015 f  BD_1_i/ps8_0_axi_periph/s00_couplers/auto_ds/inst/gen_downsizer.gen_simple_downsizer.axi_downsizer_inst/USE_WRITE.write_addr_inst/USE_B_CHANNEL.cmd_b_queue/inst/fifo_gen_inst/inst_fifo_gen/gconvfifo.rf/grf.rf/rstblk/gpregsm1.curr_fwft_state[1]_i_2/O
                         net (fo=32, routed)          0.070     2.084    BD_1_i/ps8_0_axi_periph/s00_couplers/auto_ds/inst/gen_downsizer.gen_simple_downsizer.axi_downsizer_inst/USE_WRITE.write_addr_inst/USE_B_CHANNEL.cmd_b_queue/inst/fifo_gen_inst/inst_fifo_gen/gconvfifo.rf/grf.rf/gntv_or_sync_fifo.gl0.rd/gr1.gr1_int.rfwft/gpregsm1.user_valid_reg_0
    SLICE_X0Y75          FDPE                                         f  BD_1_i/ps8_0_axi_periph/s00_couplers/auto_ds/inst/gen_downsizer.gen_simple_downsizer.axi_downsizer_inst/USE_WRITE.write_addr_inst/USE_B_CHANNEL.cmd_b_queue/inst/fifo_gen_inst/inst_fifo_gen/gconvfifo.rf/grf.rf/gntv_or_sync_fifo.gl0.rd/gr1.gr1_int.rfwft/aempty_fwft_i_reg/PRE
  -------------------------------------------------------------------    -------------------

                         (clock clk_pl_0 rise edge)
                                                      0.000     0.000 r  
    PS8_X0Y0             PS8                          0.000     0.000 r  BD_1_i/zynq_ultra_ps_e_0/inst/PS8_i/PLCLK[0]
                         net (fo=1, routed)           0.164     0.164    BD_1_i/zynq_ultra_ps_e_0/inst/pl_clk_unbuffered[0]
    BUFG_PS_X0Y80        BUFG_PS (Prop_BUFG_PS_I_O)
                                                      0.023     0.187 r  BD_1_i/zynq_ultra_ps_e_0/inst/buffer_pl_clk_0.PL_CLK_0_BUFG/O
    X1Y1 (CLOCK_ROOT)    net (fo=29801, routed)       1.874     2.061    BD_1_i/ps8_0_axi_periph/s00_couplers/auto_ds/inst/gen_downsizer.gen_simple_downsizer.axi_downsizer_inst/USE_WRITE.write_addr_inst/USE_B_CHANNEL.cmd_b_queue/inst/fifo_gen_inst/inst_fifo_gen/gconvfifo.rf/grf.rf/gntv_or_sync_fifo.gl0.rd/gr1.gr1_int.rfwft/clk
    SLICE_X0Y75          FDPE                                         r  BD_1_i/ps8_0_axi_periph/s00_couplers/auto_ds/inst/gen_downsizer.gen_simple_downsizer.axi_downsizer_inst/USE_WRITE.write_addr_inst/USE_B_CHANNEL.cmd_b_queue/inst/fifo_gen_inst/inst_fifo_gen/gconvfifo.rf/grf.rf/gntv_or_sync_fifo.gl0.rd/gr1.gr1_int.rfwft/aempty_fwft_i_reg/C
                         clock pessimism             -0.185     1.876    
    SLICE_X0Y75          FDPE (Remov_AFF2_SLICEL_C_PRE)
                                                     -0.018     1.858    BD_1_i/ps8_0_axi_periph/s00_couplers/auto_ds/inst/gen_downsizer.gen_simple_downsizer.axi_downsizer_inst/USE_WRITE.write_addr_inst/USE_B_CHANNEL.cmd_b_queue/inst/fifo_gen_inst/inst_fifo_gen/gconvfifo.rf/grf.rf/gntv_or_sync_fifo.gl0.rd/gr1.gr1_int.rfwft/aempty_fwft_i_reg
  -------------------------------------------------------------------
                         required time                         -1.858    
                         arrival time                           2.084    
  -------------------------------------------------------------------
                         slack                                  0.226    

Slack (MET) :             0.226ns  (arrival time - required time)
  Source:                 BD_1_i/ps8_0_axi_periph/s00_couplers/auto_ds/inst/gen_downsizer.gen_simple_downsizer.axi_downsizer_inst/USE_WRITE.write_addr_inst/USE_B_CHANNEL.cmd_b_queue/inst/fifo_gen_inst/inst_fifo_gen/gconvfifo.rf/grf.rf/rstblk/ngwrdrst.grst.g7serrst.gnsckt_wrst.gcc_rst.sckt_wr_rst_cc_reg[0]/C
                            (rising edge-triggered cell FDRE clocked by clk_pl_0  {rise@0.000ns fall@5.000ns period=10.000ns})
  Destination:            BD_1_i/ps8_0_axi_periph/s00_couplers/auto_ds/inst/gen_downsizer.gen_simple_downsizer.axi_downsizer_inst/USE_WRITE.write_addr_inst/USE_B_CHANNEL.cmd_b_queue/inst/fifo_gen_inst/inst_fifo_gen/gconvfifo.rf/grf.rf/gntv_or_sync_fifo.gl0.rd/gr1.gr1_int.rfwft/empty_fwft_fb_o_i_reg/PRE
                            (removal check against rising-edge clock clk_pl_0  {rise@0.000ns fall@5.000ns period=10.000ns})
  Path Group:             **async_default**
  Path Type:              Removal (Min at Fast Process Corner)
  Requirement:            0.000ns  (clk_pl_0 rise@0.000ns - clk_pl_0 rise@0.000ns)
  Data Path Delay:        0.217ns  (logic 0.121ns (55.856%)  route 0.096ns (44.144%))
  Logic Levels:           1  (LUT3=1)
  Clock Path Skew:        0.009ns (DCD - SCD - CPR)
    Destination Clock Delay (DCD):    2.061ns
    Source Clock Delay      (SCD):    1.868ns
    Clock Pessimism Removal (CPR):    0.185ns
  Clock Net Delay (Source):      1.717ns (routing 0.886ns, distribution 0.831ns)
  Clock Net Delay (Destination): 1.874ns (routing 0.971ns, distribution 0.903ns)

    Location             Delay type                Incr(ns)  Path(ns)    Netlist Resource(s)
  -------------------------------------------------------------------    -------------------
                         (clock clk_pl_0 rise edge)
                                                      0.000     0.000 r  
    PS8_X0Y0             PS8                          0.000     0.000 r  BD_1_i/zynq_ultra_ps_e_0/inst/PS8_i/PLCLK[0]
                         net (fo=1, routed)           0.129     0.129    BD_1_i/zynq_ultra_ps_e_0/inst/pl_clk_unbuffered[0]
    BUFG_PS_X0Y80        BUFG_PS (Prop_BUFG_PS_I_O)
                                                      0.022     0.151 r  BD_1_i/zynq_ultra_ps_e_0/inst/buffer_pl_clk_0.PL_CLK_0_BUFG/O
    X1Y1 (CLOCK_ROOT)    net (fo=29801, routed)       1.717     1.868    BD_1_i/ps8_0_axi_periph/s00_couplers/auto_ds/inst/gen_downsizer.gen_simple_downsizer.axi_downsizer_inst/USE_WRITE.write_addr_inst/USE_B_CHANNEL.cmd_b_queue/inst/fifo_gen_inst/inst_fifo_gen/gconvfifo.rf/grf.rf/rstblk/clk
    SLICE_X0Y75          FDRE                                         r  BD_1_i/ps8_0_axi_periph/s00_couplers/auto_ds/inst/gen_downsizer.gen_simple_downsizer.axi_downsizer_inst/USE_WRITE.write_addr_inst/USE_B_CHANNEL.cmd_b_queue/inst/fifo_gen_inst/inst_fifo_gen/gconvfifo.rf/grf.rf/rstblk/ngwrdrst.grst.g7serrst.gnsckt_wrst.gcc_rst.sckt_wr_rst_cc_reg[0]/C
  -------------------------------------------------------------------    -------------------
    SLICE_X0Y75          FDRE (Prop_EFF_SLICEL_C_Q)
                                                      0.084     1.952 f  BD_1_i/ps8_0_axi_periph/s00_couplers/auto_ds/inst/gen_downsizer.gen_simple_downsizer.axi_downsizer_inst/USE_WRITE.write_addr_inst/USE_B_CHANNEL.cmd_b_queue/inst/fifo_gen_inst/inst_fifo_gen/gconvfifo.rf/grf.rf/rstblk/ngwrdrst.grst.g7serrst.gnsckt_wrst.gcc_rst.sckt_wr_rst_cc_reg[0]/Q
                         net (fo=3, routed)           0.026     1.978    BD_1_i/ps8_0_axi_periph/s00_couplers/auto_ds/inst/gen_downsizer.gen_simple_downsizer.axi_downsizer_inst/USE_WRITE.write_addr_inst/USE_B_CHANNEL.cmd_b_queue/inst/fifo_gen_inst/inst_fifo_gen/gconvfifo.rf/grf.rf/rstblk/ngwrdrst.grst.g7serrst.gnsckt_wrst.gcc_rst.sckt_wr_rst_cc[0]
    SLICE_X0Y75          LUT3 (Prop_F6LUT_SLICEL_I1_O)
                                                      0.037     2.015 f  BD_1_i/ps8_0_axi_periph/s00_couplers/auto_ds/inst/gen_downsizer.gen_simple_downsizer.axi_downsizer_inst/USE_WRITE.write_addr_inst/USE_B_CHANNEL.cmd_b_queue/inst/fifo_gen_inst/inst_fifo_gen/gconvfifo.rf/grf.rf/rstblk/gpregsm1.curr_fwft_state[1]_i_2/O
                         net (fo=32, routed)          0.070     2.084    BD_1_i/ps8_0_axi_periph/s00_couplers/auto_ds/inst/gen_downsizer.gen_simple_downsizer.axi_downsizer_inst/USE_WRITE.write_addr_inst/USE_B_CHANNEL.cmd_b_queue/inst/fifo_gen_inst/inst_fifo_gen/gconvfifo.rf/grf.rf/gntv_or_sync_fifo.gl0.rd/gr1.gr1_int.rfwft/gpregsm1.user_valid_reg_0
    SLICE_X0Y75          FDPE                                         f  BD_1_i/ps8_0_axi_periph/s00_couplers/auto_ds/inst/gen_downsizer.gen_simple_downsizer.axi_downsizer_inst/USE_WRITE.write_addr_inst/USE_B_CHANNEL.cmd_b_queue/inst/fifo_gen_inst/inst_fifo_gen/gconvfifo.rf/grf.rf/gntv_or_sync_fifo.gl0.rd/gr1.gr1_int.rfwft/empty_fwft_fb_o_i_reg/PRE
  -------------------------------------------------------------------    -------------------

                         (clock clk_pl_0 rise edge)
                                                      0.000     0.000 r  
    PS8_X0Y0             PS8                          0.000     0.000 r  BD_1_i/zynq_ultra_ps_e_0/inst/PS8_i/PLCLK[0]
                         net (fo=1, routed)           0.164     0.164    BD_1_i/zynq_ultra_ps_e_0/inst/pl_clk_unbuffered[0]
    BUFG_PS_X0Y80        BUFG_PS (Prop_BUFG_PS_I_O)
                                                      0.023     0.187 r  BD_1_i/zynq_ultra_ps_e_0/inst/buffer_pl_clk_0.PL_CLK_0_BUFG/O
    X1Y1 (CLOCK_ROOT)    net (fo=29801, routed)       1.874     2.061    BD_1_i/ps8_0_axi_periph/s00_couplers/auto_ds/inst/gen_downsizer.gen_simple_downsizer.axi_downsizer_inst/USE_WRITE.write_addr_inst/USE_B_CHANNEL.cmd_b_queue/inst/fifo_gen_inst/inst_fifo_gen/gconvfifo.rf/grf.rf/gntv_or_sync_fifo.gl0.rd/gr1.gr1_int.rfwft/clk
    SLICE_X0Y75          FDPE                                         r  BD_1_i/ps8_0_axi_periph/s00_couplers/auto_ds/inst/gen_downsizer.gen_simple_downsizer.axi_downsizer_inst/USE_WRITE.write_addr_inst/USE_B_CHANNEL.cmd_b_queue/inst/fifo_gen_inst/inst_fifo_gen/gconvfifo.rf/grf.rf/gntv_or_sync_fifo.gl0.rd/gr1.gr1_int.rfwft/empty_fwft_fb_o_i_reg/C
                         clock pessimism             -0.185     1.876    
    SLICE_X0Y75          FDPE (Remov_DFF2_SLICEL_C_PRE)
                                                     -0.018     1.858    BD_1_i/ps8_0_axi_periph/s00_couplers/auto_ds/inst/gen_downsizer.gen_simple_downsizer.axi_downsizer_inst/USE_WRITE.write_addr_inst/USE_B_CHANNEL.cmd_b_queue/inst/fifo_gen_inst/inst_fifo_gen/gconvfifo.rf/grf.rf/gntv_or_sync_fifo.gl0.rd/gr1.gr1_int.rfwft/empty_fwft_fb_o_i_reg
  -------------------------------------------------------------------
                         required time                         -1.858    
                         arrival time                           2.084    
  -------------------------------------------------------------------
                         slack                                  0.226    

Slack (MET) :             0.226ns  (arrival time - required time)
  Source:                 BD_1_i/ps8_0_axi_periph/s00_couplers/auto_ds/inst/gen_downsizer.gen_simple_downsizer.axi_downsizer_inst/USE_WRITE.write_addr_inst/USE_B_CHANNEL.cmd_b_queue/inst/fifo_gen_inst/inst_fifo_gen/gconvfifo.rf/grf.rf/rstblk/ngwrdrst.grst.g7serrst.gnsckt_wrst.gcc_rst.sckt_wr_rst_cc_reg[0]/C
                            (rising edge-triggered cell FDRE clocked by clk_pl_0  {rise@0.000ns fall@5.000ns period=10.000ns})
  Destination:            BD_1_i/ps8_0_axi_periph/s00_couplers/auto_ds/inst/gen_downsizer.gen_simple_downsizer.axi_downsizer_inst/USE_WRITE.write_addr_inst/USE_B_CHANNEL.cmd_b_queue/inst/fifo_gen_inst/inst_fifo_gen/gconvfifo.rf/grf.rf/gntv_or_sync_fifo.gl0.rd/gr1.gr1_int.rfwft/gpregsm1.curr_fwft_state_reg[0]/CLR
                            (removal check against rising-edge clock clk_pl_0  {rise@0.000ns fall@5.000ns period=10.000ns})
  Path Group:             **async_default**
  Path Type:              Removal (Min at Fast Process Corner)
  Requirement:            0.000ns  (clk_pl_0 rise@0.000ns - clk_pl_0 rise@0.000ns)
  Data Path Delay:        0.217ns  (logic 0.121ns (55.856%)  route 0.096ns (44.144%))
  Logic Levels:           1  (LUT3=1)
  Clock Path Skew:        0.009ns (DCD - SCD - CPR)
    Destination Clock Delay (DCD):    2.061ns
    Source Clock Delay      (SCD):    1.868ns
    Clock Pessimism Removal (CPR):    0.185ns
  Clock Net Delay (Source):      1.717ns (routing 0.886ns, distribution 0.831ns)
  Clock Net Delay (Destination): 1.874ns (routing 0.971ns, distribution 0.903ns)

    Location             Delay type                Incr(ns)  Path(ns)    Netlist Resource(s)
  -------------------------------------------------------------------    -------------------
                         (clock clk_pl_0 rise edge)
                                                      0.000     0.000 r  
    PS8_X0Y0             PS8                          0.000     0.000 r  BD_1_i/zynq_ultra_ps_e_0/inst/PS8_i/PLCLK[0]
                         net (fo=1, routed)           0.129     0.129    BD_1_i/zynq_ultra_ps_e_0/inst/pl_clk_unbuffered[0]
    BUFG_PS_X0Y80        BUFG_PS (Prop_BUFG_PS_I_O)
                                                      0.022     0.151 r  BD_1_i/zynq_ultra_ps_e_0/inst/buffer_pl_clk_0.PL_CLK_0_BUFG/O
    X1Y1 (CLOCK_ROOT)    net (fo=29801, routed)       1.717     1.868    BD_1_i/ps8_0_axi_periph/s00_couplers/auto_ds/inst/gen_downsizer.gen_simple_downsizer.axi_downsizer_inst/USE_WRITE.write_addr_inst/USE_B_CHANNEL.cmd_b_queue/inst/fifo_gen_inst/inst_fifo_gen/gconvfifo.rf/grf.rf/rstblk/clk
    SLICE_X0Y75          FDRE                                         r  BD_1_i/ps8_0_axi_periph/s00_couplers/auto_ds/inst/gen_downsizer.gen_simple_downsizer.axi_downsizer_inst/USE_WRITE.write_addr_inst/USE_B_CHANNEL.cmd_b_queue/inst/fifo_gen_inst/inst_fifo_gen/gconvfifo.rf/grf.rf/rstblk/ngwrdrst.grst.g7serrst.gnsckt_wrst.gcc_rst.sckt_wr_rst_cc_reg[0]/C
  -------------------------------------------------------------------    -------------------
    SLICE_X0Y75          FDRE (Prop_EFF_SLICEL_C_Q)
                                                      0.084     1.952 f  BD_1_i/ps8_0_axi_periph/s00_couplers/auto_ds/inst/gen_downsizer.gen_simple_downsizer.axi_downsizer_inst/USE_WRITE.write_addr_inst/USE_B_CHANNEL.cmd_b_queue/inst/fifo_gen_inst/inst_fifo_gen/gconvfifo.rf/grf.rf/rstblk/ngwrdrst.grst.g7serrst.gnsckt_wrst.gcc_rst.sckt_wr_rst_cc_reg[0]/Q
                         net (fo=3, routed)           0.026     1.978    BD_1_i/ps8_0_axi_periph/s00_couplers/auto_ds/inst/gen_downsizer.gen_simple_downsizer.axi_downsizer_inst/USE_WRITE.write_addr_inst/USE_B_CHANNEL.cmd_b_queue/inst/fifo_gen_inst/inst_fifo_gen/gconvfifo.rf/grf.rf/rstblk/ngwrdrst.grst.g7serrst.gnsckt_wrst.gcc_rst.sckt_wr_rst_cc[0]
    SLICE_X0Y75          LUT3 (Prop_F6LUT_SLICEL_I1_O)
                                                      0.037     2.015 f  BD_1_i/ps8_0_axi_periph/s00_couplers/auto_ds/inst/gen_downsizer.gen_simple_downsizer.axi_downsizer_inst/USE_WRITE.write_addr_inst/USE_B_CHANNEL.cmd_b_queue/inst/fifo_gen_inst/inst_fifo_gen/gconvfifo.rf/grf.rf/rstblk/gpregsm1.curr_fwft_state[1]_i_2/O
                         net (fo=32, routed)          0.070     2.084    BD_1_i/ps8_0_axi_periph/s00_couplers/auto_ds/inst/gen_downsizer.gen_simple_downsizer.axi_downsizer_inst/USE_WRITE.write_addr_inst/USE_B_CHANNEL.cmd_b_queue/inst/fifo_gen_inst/inst_fifo_gen/gconvfifo.rf/grf.rf/gntv_or_sync_fifo.gl0.rd/gr1.gr1_int.rfwft/gpregsm1.user_valid_reg_0
    SLICE_X0Y75          FDCE                                         f  BD_1_i/ps8_0_axi_periph/s00_couplers/auto_ds/inst/gen_downsizer.gen_simple_downsizer.axi_downsizer_inst/USE_WRITE.write_addr_inst/USE_B_CHANNEL.cmd_b_queue/inst/fifo_gen_inst/inst_fifo_gen/gconvfifo.rf/grf.rf/gntv_or_sync_fifo.gl0.rd/gr1.gr1_int.rfwft/gpregsm1.curr_fwft_state_reg[0]/CLR
  -------------------------------------------------------------------    -------------------

                         (clock clk_pl_0 rise edge)
                                                      0.000     0.000 r  
    PS8_X0Y0             PS8                          0.000     0.000 r  BD_1_i/zynq_ultra_ps_e_0/inst/PS8_i/PLCLK[0]
                         net (fo=1, routed)           0.164     0.164    BD_1_i/zynq_ultra_ps_e_0/inst/pl_clk_unbuffered[0]
    BUFG_PS_X0Y80        BUFG_PS (Prop_BUFG_PS_I_O)
                                                      0.023     0.187 r  BD_1_i/zynq_ultra_ps_e_0/inst/buffer_pl_clk_0.PL_CLK_0_BUFG/O
    X1Y1 (CLOCK_ROOT)    net (fo=29801, routed)       1.874     2.061    BD_1_i/ps8_0_axi_periph/s00_couplers/auto_ds/inst/gen_downsizer.gen_simple_downsizer.axi_downsizer_inst/USE_WRITE.write_addr_inst/USE_B_CHANNEL.cmd_b_queue/inst/fifo_gen_inst/inst_fifo_gen/gconvfifo.rf/grf.rf/gntv_or_sync_fifo.gl0.rd/gr1.gr1_int.rfwft/clk
    SLICE_X0Y75          FDCE                                         r  BD_1_i/ps8_0_axi_periph/s00_couplers/auto_ds/inst/gen_downsizer.gen_simple_downsizer.axi_downsizer_inst/USE_WRITE.write_addr_inst/USE_B_CHANNEL.cmd_b_queue/inst/fifo_gen_inst/inst_fifo_gen/gconvfifo.rf/grf.rf/gntv_or_sync_fifo.gl0.rd/gr1.gr1_int.rfwft/gpregsm1.curr_fwft_state_reg[0]/C
                         clock pessimism             -0.185     1.876    
    SLICE_X0Y75          FDCE (Remov_CFF_SLICEL_C_CLR)
                                                     -0.018     1.858    BD_1_i/ps8_0_axi_periph/s00_couplers/auto_ds/inst/gen_downsizer.gen_simple_downsizer.axi_downsizer_inst/USE_WRITE.write_addr_inst/USE_B_CHANNEL.cmd_b_queue/inst/fifo_gen_inst/inst_fifo_gen/gconvfifo.rf/grf.rf/gntv_or_sync_fifo.gl0.rd/gr1.gr1_int.rfwft/gpregsm1.curr_fwft_state_reg[0]
  -------------------------------------------------------------------
                         required time                         -1.858    
                         arrival time                           2.084    
  -------------------------------------------------------------------
                         slack                                  0.226    

Slack (MET) :             0.226ns  (arrival time - required time)
  Source:                 BD_1_i/ps8_0_axi_periph/s00_couplers/auto_ds/inst/gen_downsizer.gen_simple_downsizer.axi_downsizer_inst/USE_WRITE.write_addr_inst/USE_B_CHANNEL.cmd_b_queue/inst/fifo_gen_inst/inst_fifo_gen/gconvfifo.rf/grf.rf/rstblk/ngwrdrst.grst.g7serrst.gnsckt_wrst.gcc_rst.sckt_wr_rst_cc_reg[0]/C
                            (rising edge-triggered cell FDRE clocked by clk_pl_0  {rise@0.000ns fall@5.000ns period=10.000ns})
  Destination:            BD_1_i/ps8_0_axi_periph/s00_couplers/auto_ds/inst/gen_downsizer.gen_simple_downsizer.axi_downsizer_inst/USE_WRITE.write_addr_inst/USE_B_CHANNEL.cmd_b_queue/inst/fifo_gen_inst/inst_fifo_gen/gconvfifo.rf/grf.rf/gntv_or_sync_fifo.gl0.rd/gr1.gr1_int.rfwft/gpregsm1.curr_fwft_state_reg[1]/CLR
                            (removal check against rising-edge clock clk_pl_0  {rise@0.000ns fall@5.000ns period=10.000ns})
  Path Group:             **async_default**
  Path Type:              Removal (Min at Fast Process Corner)
  Requirement:            0.000ns  (clk_pl_0 rise@0.000ns - clk_pl_0 rise@0.000ns)
  Data Path Delay:        0.217ns  (logic 0.121ns (55.856%)  route 0.096ns (44.144%))
  Logic Levels:           1  (LUT3=1)
  Clock Path Skew:        0.009ns (DCD - SCD - CPR)
    Destination Clock Delay (DCD):    2.061ns
    Source Clock Delay      (SCD):    1.868ns
    Clock Pessimism Removal (CPR):    0.185ns
  Clock Net Delay (Source):      1.717ns (routing 0.886ns, distribution 0.831ns)
  Clock Net Delay (Destination): 1.874ns (routing 0.971ns, distribution 0.903ns)

    Location             Delay type                Incr(ns)  Path(ns)    Netlist Resource(s)
  -------------------------------------------------------------------    -------------------
                         (clock clk_pl_0 rise edge)
                                                      0.000     0.000 r  
    PS8_X0Y0             PS8                          0.000     0.000 r  BD_1_i/zynq_ultra_ps_e_0/inst/PS8_i/PLCLK[0]
                         net (fo=1, routed)           0.129     0.129    BD_1_i/zynq_ultra_ps_e_0/inst/pl_clk_unbuffered[0]
    BUFG_PS_X0Y80        BUFG_PS (Prop_BUFG_PS_I_O)
                                                      0.022     0.151 r  BD_1_i/zynq_ultra_ps_e_0/inst/buffer_pl_clk_0.PL_CLK_0_BUFG/O
    X1Y1 (CLOCK_ROOT)    net (fo=29801, routed)       1.717     1.868    BD_1_i/ps8_0_axi_periph/s00_couplers/auto_ds/inst/gen_downsizer.gen_simple_downsizer.axi_downsizer_inst/USE_WRITE.write_addr_inst/USE_B_CHANNEL.cmd_b_queue/inst/fifo_gen_inst/inst_fifo_gen/gconvfifo.rf/grf.rf/rstblk/clk
    SLICE_X0Y75          FDRE                                         r  BD_1_i/ps8_0_axi_periph/s00_couplers/auto_ds/inst/gen_downsizer.gen_simple_downsizer.axi_downsizer_inst/USE_WRITE.write_addr_inst/USE_B_CHANNEL.cmd_b_queue/inst/fifo_gen_inst/inst_fifo_gen/gconvfifo.rf/grf.rf/rstblk/ngwrdrst.grst.g7serrst.gnsckt_wrst.gcc_rst.sckt_wr_rst_cc_reg[0]/C
  -------------------------------------------------------------------    -------------------
    SLICE_X0Y75          FDRE (Prop_EFF_SLICEL_C_Q)
                                                      0.084     1.952 f  BD_1_i/ps8_0_axi_periph/s00_couplers/auto_ds/inst/gen_downsizer.gen_simple_downsizer.axi_downsizer_inst/USE_WRITE.write_addr_inst/USE_B_CHANNEL.cmd_b_queue/inst/fifo_gen_inst/inst_fifo_gen/gconvfifo.rf/grf.rf/rstblk/ngwrdrst.grst.g7serrst.gnsckt_wrst.gcc_rst.sckt_wr_rst_cc_reg[0]/Q
                         net (fo=3, routed)           0.026     1.978    BD_1_i/ps8_0_axi_periph/s00_couplers/auto_ds/inst/gen_downsizer.gen_simple_downsizer.axi_downsizer_inst/USE_WRITE.write_addr_inst/USE_B_CHANNEL.cmd_b_queue/inst/fifo_gen_inst/inst_fifo_gen/gconvfifo.rf/grf.rf/rstblk/ngwrdrst.grst.g7serrst.gnsckt_wrst.gcc_rst.sckt_wr_rst_cc[0]
    SLICE_X0Y75          LUT3 (Prop_F6LUT_SLICEL_I1_O)
                                                      0.037     2.015 f  BD_1_i/ps8_0_axi_periph/s00_couplers/auto_ds/inst/gen_downsizer.gen_simple_downsizer.axi_downsizer_inst/USE_WRITE.write_addr_inst/USE_B_CHANNEL.cmd_b_queue/inst/fifo_gen_inst/inst_fifo_gen/gconvfifo.rf/grf.rf/rstblk/gpregsm1.curr_fwft_state[1]_i_2/O
                         net (fo=32, routed)          0.070     2.084    BD_1_i/ps8_0_axi_periph/s00_couplers/auto_ds/inst/gen_downsizer.gen_simple_downsizer.axi_downsizer_inst/USE_WRITE.write_addr_inst/USE_B_CHANNEL.cmd_b_queue/inst/fifo_gen_inst/inst_fifo_gen/gconvfifo.rf/grf.rf/gntv_or_sync_fifo.gl0.rd/gr1.gr1_int.rfwft/gpregsm1.user_valid_reg_0
    SLICE_X0Y75          FDCE                                         f  BD_1_i/ps8_0_axi_periph/s00_couplers/auto_ds/inst/gen_downsizer.gen_simple_downsizer.axi_downsizer_inst/USE_WRITE.write_addr_inst/USE_B_CHANNEL.cmd_b_queue/inst/fifo_gen_inst/inst_fifo_gen/gconvfifo.rf/grf.rf/gntv_or_sync_fifo.gl0.rd/gr1.gr1_int.rfwft/gpregsm1.curr_fwft_state_reg[1]/CLR
  -------------------------------------------------------------------    -------------------

                         (clock clk_pl_0 rise edge)
                                                      0.000     0.000 r  
    PS8_X0Y0             PS8                          0.000     0.000 r  BD_1_i/zynq_ultra_ps_e_0/inst/PS8_i/PLCLK[0]
                         net (fo=1, routed)           0.164     0.164    BD_1_i/zynq_ultra_ps_e_0/inst/pl_clk_unbuffered[0]
    BUFG_PS_X0Y80        BUFG_PS (Prop_BUFG_PS_I_O)
                                                      0.023     0.187 r  BD_1_i/zynq_ultra_ps_e_0/inst/buffer_pl_clk_0.PL_CLK_0_BUFG/O
    X1Y1 (CLOCK_ROOT)    net (fo=29801, routed)       1.874     2.061    BD_1_i/ps8_0_axi_periph/s00_couplers/auto_ds/inst/gen_downsizer.gen_simple_downsizer.axi_downsizer_inst/USE_WRITE.write_addr_inst/USE_B_CHANNEL.cmd_b_queue/inst/fifo_gen_inst/inst_fifo_gen/gconvfifo.rf/grf.rf/gntv_or_sync_fifo.gl0.rd/gr1.gr1_int.rfwft/clk
    SLICE_X0Y75          FDCE                                         r  BD_1_i/ps8_0_axi_periph/s00_couplers/auto_ds/inst/gen_downsizer.gen_simple_downsizer.axi_downsizer_inst/USE_WRITE.write_addr_inst/USE_B_CHANNEL.cmd_b_queue/inst/fifo_gen_inst/inst_fifo_gen/gconvfifo.rf/grf.rf/gntv_or_sync_fifo.gl0.rd/gr1.gr1_int.rfwft/gpregsm1.curr_fwft_state_reg[1]/C
                         clock pessimism             -0.185     1.876    
    SLICE_X0Y75          FDCE (Remov_CFF2_SLICEL_C_CLR)
                                                     -0.018     1.858    BD_1_i/ps8_0_axi_periph/s00_couplers/auto_ds/inst/gen_downsizer.gen_simple_downsizer.axi_downsizer_inst/USE_WRITE.write_addr_inst/USE_B_CHANNEL.cmd_b_queue/inst/fifo_gen_inst/inst_fifo_gen/gconvfifo.rf/grf.rf/gntv_or_sync_fifo.gl0.rd/gr1.gr1_int.rfwft/gpregsm1.curr_fwft_state_reg[1]
  -------------------------------------------------------------------
                         required time                         -1.858    
                         arrival time                           2.084    
  -------------------------------------------------------------------
                         slack                                  0.226    

Slack (MET) :             0.226ns  (arrival time - required time)
  Source:                 BD_1_i/ps8_0_axi_periph/s00_couplers/auto_ds/inst/gen_downsizer.gen_simple_downsizer.axi_downsizer_inst/USE_WRITE.write_addr_inst/USE_B_CHANNEL.cmd_b_queue/inst/fifo_gen_inst/inst_fifo_gen/gconvfifo.rf/grf.rf/rstblk/ngwrdrst.grst.g7serrst.gnsckt_wrst.gcc_rst.sckt_wr_rst_cc_reg[0]/C
                            (rising edge-triggered cell FDRE clocked by clk_pl_0  {rise@0.000ns fall@5.000ns period=10.000ns})
  Destination:            BD_1_i/ps8_0_axi_periph/s00_couplers/auto_ds/inst/gen_downsizer.gen_simple_downsizer.axi_downsizer_inst/USE_WRITE.write_addr_inst/USE_B_CHANNEL.cmd_b_queue/inst/fifo_gen_inst/inst_fifo_gen/gconvfifo.rf/grf.rf/gntv_or_sync_fifo.gl0.rd/gr1.gr1_int.rfwft/gpregsm1.user_valid_reg/CLR
                            (removal check against rising-edge clock clk_pl_0  {rise@0.000ns fall@5.000ns period=10.000ns})
  Path Group:             **async_default**
  Path Type:              Removal (Min at Fast Process Corner)
  Requirement:            0.000ns  (clk_pl_0 rise@0.000ns - clk_pl_0 rise@0.000ns)
  Data Path Delay:        0.217ns  (logic 0.121ns (55.856%)  route 0.096ns (44.144%))
  Logic Levels:           1  (LUT3=1)
  Clock Path Skew:        0.009ns (DCD - SCD - CPR)
    Destination Clock Delay (DCD):    2.061ns
    Source Clock Delay      (SCD):    1.868ns
    Clock Pessimism Removal (CPR):    0.185ns
  Clock Net Delay (Source):      1.717ns (routing 0.886ns, distribution 0.831ns)
  Clock Net Delay (Destination): 1.874ns (routing 0.971ns, distribution 0.903ns)

    Location             Delay type                Incr(ns)  Path(ns)    Netlist Resource(s)
  -------------------------------------------------------------------    -------------------
                         (clock clk_pl_0 rise edge)
                                                      0.000     0.000 r  
    PS8_X0Y0             PS8                          0.000     0.000 r  BD_1_i/zynq_ultra_ps_e_0/inst/PS8_i/PLCLK[0]
                         net (fo=1, routed)           0.129     0.129    BD_1_i/zynq_ultra_ps_e_0/inst/pl_clk_unbuffered[0]
    BUFG_PS_X0Y80        BUFG_PS (Prop_BUFG_PS_I_O)
                                                      0.022     0.151 r  BD_1_i/zynq_ultra_ps_e_0/inst/buffer_pl_clk_0.PL_CLK_0_BUFG/O
    X1Y1 (CLOCK_ROOT)    net (fo=29801, routed)       1.717     1.868    BD_1_i/ps8_0_axi_periph/s00_couplers/auto_ds/inst/gen_downsizer.gen_simple_downsizer.axi_downsizer_inst/USE_WRITE.write_addr_inst/USE_B_CHANNEL.cmd_b_queue/inst/fifo_gen_inst/inst_fifo_gen/gconvfifo.rf/grf.rf/rstblk/clk
    SLICE_X0Y75          FDRE                                         r  BD_1_i/ps8_0_axi_periph/s00_couplers/auto_ds/inst/gen_downsizer.gen_simple_downsizer.axi_downsizer_inst/USE_WRITE.write_addr_inst/USE_B_CHANNEL.cmd_b_queue/inst/fifo_gen_inst/inst_fifo_gen/gconvfifo.rf/grf.rf/rstblk/ngwrdrst.grst.g7serrst.gnsckt_wrst.gcc_rst.sckt_wr_rst_cc_reg[0]/C
  -------------------------------------------------------------------    -------------------
    SLICE_X0Y75          FDRE (Prop_EFF_SLICEL_C_Q)
                                                      0.084     1.952 f  BD_1_i/ps8_0_axi_periph/s00_couplers/auto_ds/inst/gen_downsizer.gen_simple_downsizer.axi_downsizer_inst/USE_WRITE.write_addr_inst/USE_B_CHANNEL.cmd_b_queue/inst/fifo_gen_inst/inst_fifo_gen/gconvfifo.rf/grf.rf/rstblk/ngwrdrst.grst.g7serrst.gnsckt_wrst.gcc_rst.sckt_wr_rst_cc_reg[0]/Q
                         net (fo=3, routed)           0.026     1.978    BD_1_i/ps8_0_axi_periph/s00_couplers/auto_ds/inst/gen_downsizer.gen_simple_downsizer.axi_downsizer_inst/USE_WRITE.write_addr_inst/USE_B_CHANNEL.cmd_b_queue/inst/fifo_gen_inst/inst_fifo_gen/gconvfifo.rf/grf.rf/rstblk/ngwrdrst.grst.g7serrst.gnsckt_wrst.gcc_rst.sckt_wr_rst_cc[0]
    SLICE_X0Y75          LUT3 (Prop_F6LUT_SLICEL_I1_O)
                                                      0.037     2.015 f  BD_1_i/ps8_0_axi_periph/s00_couplers/auto_ds/inst/gen_downsizer.gen_simple_downsizer.axi_downsizer_inst/USE_WRITE.write_addr_inst/USE_B_CHANNEL.cmd_b_queue/inst/fifo_gen_inst/inst_fifo_gen/gconvfifo.rf/grf.rf/rstblk/gpregsm1.curr_fwft_state[1]_i_2/O
                         net (fo=32, routed)          0.070     2.084    BD_1_i/ps8_0_axi_periph/s00_couplers/auto_ds/inst/gen_downsizer.gen_simple_downsizer.axi_downsizer_inst/USE_WRITE.write_addr_inst/USE_B_CHANNEL.cmd_b_queue/inst/fifo_gen_inst/inst_fifo_gen/gconvfifo.rf/grf.rf/gntv_or_sync_fifo.gl0.rd/gr1.gr1_int.rfwft/gpregsm1.user_valid_reg_0
    SLICE_X0Y75          FDCE                                         f  BD_1_i/ps8_0_axi_periph/s00_couplers/auto_ds/inst/gen_downsizer.gen_simple_downsizer.axi_downsizer_inst/USE_WRITE.write_addr_inst/USE_B_CHANNEL.cmd_b_queue/inst/fifo_gen_inst/inst_fifo_gen/gconvfifo.rf/grf.rf/gntv_or_sync_fifo.gl0.rd/gr1.gr1_int.rfwft/gpregsm1.user_valid_reg/CLR
  -------------------------------------------------------------------    -------------------

                         (clock clk_pl_0 rise edge)
                                                      0.000     0.000 r  
    PS8_X0Y0             PS8                          0.000     0.000 r  BD_1_i/zynq_ultra_ps_e_0/inst/PS8_i/PLCLK[0]
                         net (fo=1, routed)           0.164     0.164    BD_1_i/zynq_ultra_ps_e_0/inst/pl_clk_unbuffered[0]
    BUFG_PS_X0Y80        BUFG_PS (Prop_BUFG_PS_I_O)
                                                      0.023     0.187 r  BD_1_i/zynq_ultra_ps_e_0/inst/buffer_pl_clk_0.PL_CLK_0_BUFG/O
    X1Y1 (CLOCK_ROOT)    net (fo=29801, routed)       1.874     2.061    BD_1_i/ps8_0_axi_periph/s00_couplers/auto_ds/inst/gen_downsizer.gen_simple_downsizer.axi_downsizer_inst/USE_WRITE.write_addr_inst/USE_B_CHANNEL.cmd_b_queue/inst/fifo_gen_inst/inst_fifo_gen/gconvfifo.rf/grf.rf/gntv_or_sync_fifo.gl0.rd/gr1.gr1_int.rfwft/clk
    SLICE_X0Y75          FDCE                                         r  BD_1_i/ps8_0_axi_periph/s00_couplers/auto_ds/inst/gen_downsizer.gen_simple_downsizer.axi_downsizer_inst/USE_WRITE.write_addr_inst/USE_B_CHANNEL.cmd_b_queue/inst/fifo_gen_inst/inst_fifo_gen/gconvfifo.rf/grf.rf/gntv_or_sync_fifo.gl0.rd/gr1.gr1_int.rfwft/gpregsm1.user_valid_reg/C
                         clock pessimism             -0.185     1.876    
    SLICE_X0Y75          FDCE (Remov_BFF2_SLICEL_C_CLR)
                                                     -0.018     1.858    BD_1_i/ps8_0_axi_periph/s00_couplers/auto_ds/inst/gen_downsizer.gen_simple_downsizer.axi_downsizer_inst/USE_WRITE.write_addr_inst/USE_B_CHANNEL.cmd_b_queue/inst/fifo_gen_inst/inst_fifo_gen/gconvfifo.rf/grf.rf/gntv_or_sync_fifo.gl0.rd/gr1.gr1_int.rfwft/gpregsm1.user_valid_reg
  -------------------------------------------------------------------
                         required time                         -1.858    
                         arrival time                           2.084    
  -------------------------------------------------------------------
                         slack                                  0.226    

Slack (MET) :             0.241ns  (arrival time - required time)
  Source:                 BD_1_i/ps8_0_axi_periph/s00_couplers/auto_ds/inst/gen_downsizer.gen_simple_downsizer.axi_downsizer_inst/USE_READ.read_addr_inst/cmd_queue/inst/fifo_gen_inst/inst_fifo_gen/gconvfifo.rf/grf.rf/rstblk/ngwrdrst.grst.g7serrst.gnsckt_wrst.rst_wr_reg2_inst/arststages_ff_reg[1]/C
                            (rising edge-triggered cell FDPE clocked by clk_pl_0  {rise@0.000ns fall@5.000ns period=10.000ns})
  Destination:            BD_1_i/ps8_0_axi_periph/s00_couplers/auto_ds/inst/gen_downsizer.gen_simple_downsizer.axi_downsizer_inst/USE_READ.read_addr_inst/cmd_queue/inst/fifo_gen_inst/inst_fifo_gen/gconvfifo.rf/grf.rf/gntv_or_sync_fifo.gl0.rd/gr1.gr1_int.rfwft/empty_fwft_i_reg/PRE
                            (removal check against rising-edge clock clk_pl_0  {rise@0.000ns fall@5.000ns period=10.000ns})
  Path Group:             **async_default**
  Path Type:              Removal (Min at Fast Process Corner)
  Requirement:            0.000ns  (clk_pl_0 rise@0.000ns - clk_pl_0 rise@0.000ns)
  Data Path Delay:        0.283ns  (logic 0.121ns (42.743%)  route 0.162ns (57.257%))
  Logic Levels:           1  (LUT3=1)
  Clock Path Skew:        0.060ns (DCD - SCD - CPR)
    Destination Clock Delay (DCD):    2.072ns
    Source Clock Delay      (SCD):    1.863ns
    Clock Pessimism Removal (CPR):    0.149ns
  Clock Net Delay (Source):      1.712ns (routing 0.886ns, distribution 0.826ns)
  Clock Net Delay (Destination): 1.885ns (routing 0.971ns, distribution 0.914ns)

    Location             Delay type                Incr(ns)  Path(ns)    Netlist Resource(s)
  -------------------------------------------------------------------    -------------------
                         (clock clk_pl_0 rise edge)
                                                      0.000     0.000 r  
    PS8_X0Y0             PS8                          0.000     0.000 r  BD_1_i/zynq_ultra_ps_e_0/inst/PS8_i/PLCLK[0]
                         net (fo=1, routed)           0.129     0.129    BD_1_i/zynq_ultra_ps_e_0/inst/pl_clk_unbuffered[0]
    BUFG_PS_X0Y80        BUFG_PS (Prop_BUFG_PS_I_O)
                                                      0.022     0.151 r  BD_1_i/zynq_ultra_ps_e_0/inst/buffer_pl_clk_0.PL_CLK_0_BUFG/O
    X1Y1 (CLOCK_ROOT)    net (fo=29801, routed)       1.712     1.863    BD_1_i/ps8_0_axi_periph/s00_couplers/auto_ds/inst/gen_downsizer.gen_simple_downsizer.axi_downsizer_inst/USE_READ.read_addr_inst/cmd_queue/inst/fifo_gen_inst/inst_fifo_gen/gconvfifo.rf/grf.rf/rstblk/ngwrdrst.grst.g7serrst.gnsckt_wrst.rst_wr_reg2_inst/dest_clk
    SLICE_X10Y106        FDPE                                         r  BD_1_i/ps8_0_axi_periph/s00_couplers/auto_ds/inst/gen_downsizer.gen_simple_downsizer.axi_downsizer_inst/USE_READ.read_addr_inst/cmd_queue/inst/fifo_gen_inst/inst_fifo_gen/gconvfifo.rf/grf.rf/rstblk/ngwrdrst.grst.g7serrst.gnsckt_wrst.rst_wr_reg2_inst/arststages_ff_reg[1]/C
  -------------------------------------------------------------------    -------------------
    SLICE_X10Y106        FDPE (Prop_AFF2_SLICEM_C_Q)
                                                      0.084     1.947 f  BD_1_i/ps8_0_axi_periph/s00_couplers/auto_ds/inst/gen_downsizer.gen_simple_downsizer.axi_downsizer_inst/USE_READ.read_addr_inst/cmd_queue/inst/fifo_gen_inst/inst_fifo_gen/gconvfifo.rf/grf.rf/rstblk/ngwrdrst.grst.g7serrst.gnsckt_wrst.rst_wr_reg2_inst/arststages_ff_reg[1]/Q
                         net (fo=3, routed)           0.078     2.024    BD_1_i/ps8_0_axi_periph/s00_couplers/auto_ds/inst/gen_downsizer.gen_simple_downsizer.axi_downsizer_inst/USE_READ.read_addr_inst/cmd_queue/inst/fifo_gen_inst/inst_fifo_gen/gconvfifo.rf/grf.rf/rstblk/ngwrdrst.rst_wr_reg2
    SLICE_X9Y106         LUT3 (Prop_D6LUT_SLICEL_I2_O)
                                                      0.037     2.061 f  BD_1_i/ps8_0_axi_periph/s00_couplers/auto_ds/inst/gen_downsizer.gen_simple_downsizer.axi_downsizer_inst/USE_READ.read_addr_inst/cmd_queue/inst/fifo_gen_inst/inst_fifo_gen/gconvfifo.rf/grf.rf/rstblk/gpregsm1.curr_fwft_state[1]_i_2/O
                         net (fo=32, routed)          0.084     2.146    BD_1_i/ps8_0_axi_periph/s00_couplers/auto_ds/inst/gen_downsizer.gen_simple_downsizer.axi_downsizer_inst/USE_READ.read_addr_inst/cmd_queue/inst/fifo_gen_inst/inst_fifo_gen/gconvfifo.rf/grf.rf/gntv_or_sync_fifo.gl0.rd/gr1.gr1_int.rfwft/gpregsm1.user_valid_reg_0
    SLICE_X9Y106         FDPE                                         f  BD_1_i/ps8_0_axi_periph/s00_couplers/auto_ds/inst/gen_downsizer.gen_simple_downsizer.axi_downsizer_inst/USE_READ.read_addr_inst/cmd_queue/inst/fifo_gen_inst/inst_fifo_gen/gconvfifo.rf/grf.rf/gntv_or_sync_fifo.gl0.rd/gr1.gr1_int.rfwft/empty_fwft_i_reg/PRE
  -------------------------------------------------------------------    -------------------

                         (clock clk_pl_0 rise edge)
                                                      0.000     0.000 r  
    PS8_X0Y0             PS8                          0.000     0.000 r  BD_1_i/zynq_ultra_ps_e_0/inst/PS8_i/PLCLK[0]
                         net (fo=1, routed)           0.164     0.164    BD_1_i/zynq_ultra_ps_e_0/inst/pl_clk_unbuffered[0]
    BUFG_PS_X0Y80        BUFG_PS (Prop_BUFG_PS_I_O)
                                                      0.023     0.187 r  BD_1_i/zynq_ultra_ps_e_0/inst/buffer_pl_clk_0.PL_CLK_0_BUFG/O
    X1Y1 (CLOCK_ROOT)    net (fo=29801, routed)       1.885     2.072    BD_1_i/ps8_0_axi_periph/s00_couplers/auto_ds/inst/gen_downsizer.gen_simple_downsizer.axi_downsizer_inst/USE_READ.read_addr_inst/cmd_queue/inst/fifo_gen_inst/inst_fifo_gen/gconvfifo.rf/grf.rf/gntv_or_sync_fifo.gl0.rd/gr1.gr1_int.rfwft/clk
    SLICE_X9Y106         FDPE                                         r  BD_1_i/ps8_0_axi_periph/s00_couplers/auto_ds/inst/gen_downsizer.gen_simple_downsizer.axi_downsizer_inst/USE_READ.read_addr_inst/cmd_queue/inst/fifo_gen_inst/inst_fifo_gen/gconvfifo.rf/grf.rf/gntv_or_sync_fifo.gl0.rd/gr1.gr1_int.rfwft/empty_fwft_i_reg/C
                         clock pessimism             -0.149     1.923    
    SLICE_X9Y106         FDPE (Remov_HFF_SLICEL_C_PRE)
                                                     -0.018     1.905    BD_1_i/ps8_0_axi_periph/s00_couplers/auto_ds/inst/gen_downsizer.gen_simple_downsizer.axi_downsizer_inst/USE_READ.read_addr_inst/cmd_queue/inst/fifo_gen_inst/inst_fifo_gen/gconvfifo.rf/grf.rf/gntv_or_sync_fifo.gl0.rd/gr1.gr1_int.rfwft/empty_fwft_i_reg
  -------------------------------------------------------------------
                         required time                         -1.905    
                         arrival time                           2.146    
  -------------------------------------------------------------------
                         slack                                  0.241    

Slack (MET) :             0.241ns  (arrival time - required time)
  Source:                 BD_1_i/ps8_0_axi_periph/s00_couplers/auto_ds/inst/gen_downsizer.gen_simple_downsizer.axi_downsizer_inst/USE_READ.read_addr_inst/cmd_queue/inst/fifo_gen_inst/inst_fifo_gen/gconvfifo.rf/grf.rf/rstblk/ngwrdrst.grst.g7serrst.gnsckt_wrst.rst_wr_reg2_inst/arststages_ff_reg[1]/C
                            (rising edge-triggered cell FDPE clocked by clk_pl_0  {rise@0.000ns fall@5.000ns period=10.000ns})
  Destination:            BD_1_i/ps8_0_axi_periph/s00_couplers/auto_ds/inst/gen_downsizer.gen_simple_downsizer.axi_downsizer_inst/USE_READ.read_addr_inst/cmd_queue/inst/fifo_gen_inst/inst_fifo_gen/gconvfifo.rf/grf.rf/gntv_or_sync_fifo.gl0.wr/wpntr/gcc0.gc0.count_d1_reg[0]/CLR
                            (removal check against rising-edge clock clk_pl_0  {rise@0.000ns fall@5.000ns period=10.000ns})
  Path Group:             **async_default**
  Path Type:              Removal (Min at Fast Process Corner)
  Requirement:            0.000ns  (clk_pl_0 rise@0.000ns - clk_pl_0 rise@0.000ns)
  Data Path Delay:        0.283ns  (logic 0.121ns (42.743%)  route 0.162ns (57.257%))
  Logic Levels:           1  (LUT3=1)
  Clock Path Skew:        0.060ns (DCD - SCD - CPR)
    Destination Clock Delay (DCD):    2.072ns
    Source Clock Delay      (SCD):    1.863ns
    Clock Pessimism Removal (CPR):    0.149ns
  Clock Net Delay (Source):      1.712ns (routing 0.886ns, distribution 0.826ns)
  Clock Net Delay (Destination): 1.885ns (routing 0.971ns, distribution 0.914ns)

    Location             Delay type                Incr(ns)  Path(ns)    Netlist Resource(s)
  -------------------------------------------------------------------    -------------------
                         (clock clk_pl_0 rise edge)
                                                      0.000     0.000 r  
    PS8_X0Y0             PS8                          0.000     0.000 r  BD_1_i/zynq_ultra_ps_e_0/inst/PS8_i/PLCLK[0]
                         net (fo=1, routed)           0.129     0.129    BD_1_i/zynq_ultra_ps_e_0/inst/pl_clk_unbuffered[0]
    BUFG_PS_X0Y80        BUFG_PS (Prop_BUFG_PS_I_O)
                                                      0.022     0.151 r  BD_1_i/zynq_ultra_ps_e_0/inst/buffer_pl_clk_0.PL_CLK_0_BUFG/O
    X1Y1 (CLOCK_ROOT)    net (fo=29801, routed)       1.712     1.863    BD_1_i/ps8_0_axi_periph/s00_couplers/auto_ds/inst/gen_downsizer.gen_simple_downsizer.axi_downsizer_inst/USE_READ.read_addr_inst/cmd_queue/inst/fifo_gen_inst/inst_fifo_gen/gconvfifo.rf/grf.rf/rstblk/ngwrdrst.grst.g7serrst.gnsckt_wrst.rst_wr_reg2_inst/dest_clk
    SLICE_X10Y106        FDPE                                         r  BD_1_i/ps8_0_axi_periph/s00_couplers/auto_ds/inst/gen_downsizer.gen_simple_downsizer.axi_downsizer_inst/USE_READ.read_addr_inst/cmd_queue/inst/fifo_gen_inst/inst_fifo_gen/gconvfifo.rf/grf.rf/rstblk/ngwrdrst.grst.g7serrst.gnsckt_wrst.rst_wr_reg2_inst/arststages_ff_reg[1]/C
  -------------------------------------------------------------------    -------------------
    SLICE_X10Y106        FDPE (Prop_AFF2_SLICEM_C_Q)
                                                      0.084     1.947 f  BD_1_i/ps8_0_axi_periph/s00_couplers/auto_ds/inst/gen_downsizer.gen_simple_downsizer.axi_downsizer_inst/USE_READ.read_addr_inst/cmd_queue/inst/fifo_gen_inst/inst_fifo_gen/gconvfifo.rf/grf.rf/rstblk/ngwrdrst.grst.g7serrst.gnsckt_wrst.rst_wr_reg2_inst/arststages_ff_reg[1]/Q
                         net (fo=3, routed)           0.078     2.024    BD_1_i/ps8_0_axi_periph/s00_couplers/auto_ds/inst/gen_downsizer.gen_simple_downsizer.axi_downsizer_inst/USE_READ.read_addr_inst/cmd_queue/inst/fifo_gen_inst/inst_fifo_gen/gconvfifo.rf/grf.rf/rstblk/ngwrdrst.rst_wr_reg2
    SLICE_X9Y106         LUT3 (Prop_D6LUT_SLICEL_I2_O)
                                                      0.037     2.061 f  BD_1_i/ps8_0_axi_periph/s00_couplers/auto_ds/inst/gen_downsizer.gen_simple_downsizer.axi_downsizer_inst/USE_READ.read_addr_inst/cmd_queue/inst/fifo_gen_inst/inst_fifo_gen/gconvfifo.rf/grf.rf/rstblk/gpregsm1.curr_fwft_state[1]_i_2/O
                         net (fo=32, routed)          0.084     2.146    BD_1_i/ps8_0_axi_periph/s00_couplers/auto_ds/inst/gen_downsizer.gen_simple_downsizer.axi_downsizer_inst/USE_READ.read_addr_inst/cmd_queue/inst/fifo_gen_inst/inst_fifo_gen/gconvfifo.rf/grf.rf/gntv_or_sync_fifo.gl0.wr/wpntr/AR[0]
    SLICE_X9Y106         FDCE                                         f  BD_1_i/ps8_0_axi_periph/s00_couplers/auto_ds/inst/gen_downsizer.gen_simple_downsizer.axi_downsizer_inst/USE_READ.read_addr_inst/cmd_queue/inst/fifo_gen_inst/inst_fifo_gen/gconvfifo.rf/grf.rf/gntv_or_sync_fifo.gl0.wr/wpntr/gcc0.gc0.count_d1_reg[0]/CLR
  -------------------------------------------------------------------    -------------------

                         (clock clk_pl_0 rise edge)
                                                      0.000     0.000 r  
    PS8_X0Y0             PS8                          0.000     0.000 r  BD_1_i/zynq_ultra_ps_e_0/inst/PS8_i/PLCLK[0]
                         net (fo=1, routed)           0.164     0.164    BD_1_i/zynq_ultra_ps_e_0/inst/pl_clk_unbuffered[0]
    BUFG_PS_X0Y80        BUFG_PS (Prop_BUFG_PS_I_O)
                                                      0.023     0.187 r  BD_1_i/zynq_ultra_ps_e_0/inst/buffer_pl_clk_0.PL_CLK_0_BUFG/O
    X1Y1 (CLOCK_ROOT)    net (fo=29801, routed)       1.885     2.072    BD_1_i/ps8_0_axi_periph/s00_couplers/auto_ds/inst/gen_downsizer.gen_simple_downsizer.axi_downsizer_inst/USE_READ.read_addr_inst/cmd_queue/inst/fifo_gen_inst/inst_fifo_gen/gconvfifo.rf/grf.rf/gntv_or_sync_fifo.gl0.wr/wpntr/clk
    SLICE_X9Y106         FDCE                                         r  BD_1_i/ps8_0_axi_periph/s00_couplers/auto_ds/inst/gen_downsizer.gen_simple_downsizer.axi_downsizer_inst/USE_READ.read_addr_inst/cmd_queue/inst/fifo_gen_inst/inst_fifo_gen/gconvfifo.rf/grf.rf/gntv_or_sync_fifo.gl0.wr/wpntr/gcc0.gc0.count_d1_reg[0]/C
                         clock pessimism             -0.149     1.923    
    SLICE_X9Y106         FDCE (Remov_HFF2_SLICEL_C_CLR)
                                                     -0.018     1.905    BD_1_i/ps8_0_axi_periph/s00_couplers/auto_ds/inst/gen_downsizer.gen_simple_downsizer.axi_downsizer_inst/USE_READ.read_addr_inst/cmd_queue/inst/fifo_gen_inst/inst_fifo_gen/gconvfifo.rf/grf.rf/gntv_or_sync_fifo.gl0.wr/wpntr/gcc0.gc0.count_d1_reg[0]
  -------------------------------------------------------------------
                         required time                         -1.905    
                         arrival time                           2.146    
  -------------------------------------------------------------------
                         slack                                  0.241    

Slack (MET) :             0.241ns  (arrival time - required time)
  Source:                 BD_1_i/ps8_0_axi_periph/s00_couplers/auto_ds/inst/gen_downsizer.gen_simple_downsizer.axi_downsizer_inst/USE_READ.read_addr_inst/cmd_queue/inst/fifo_gen_inst/inst_fifo_gen/gconvfifo.rf/grf.rf/rstblk/ngwrdrst.grst.g7serrst.gnsckt_wrst.rst_wr_reg2_inst/arststages_ff_reg[1]/C
                            (rising edge-triggered cell FDPE clocked by clk_pl_0  {rise@0.000ns fall@5.000ns period=10.000ns})
  Destination:            BD_1_i/ps8_0_axi_periph/s00_couplers/auto_ds/inst/gen_downsizer.gen_simple_downsizer.axi_downsizer_inst/USE_READ.read_addr_inst/cmd_queue/inst/fifo_gen_inst/inst_fifo_gen/gconvfifo.rf/grf.rf/gntv_or_sync_fifo.gl0.wr/wpntr/gcc0.gc0.count_d1_reg[2]/CLR
                            (removal check against rising-edge clock clk_pl_0  {rise@0.000ns fall@5.000ns period=10.000ns})
  Path Group:             **async_default**
  Path Type:              Removal (Min at Fast Process Corner)
  Requirement:            0.000ns  (clk_pl_0 rise@0.000ns - clk_pl_0 rise@0.000ns)
  Data Path Delay:        0.283ns  (logic 0.121ns (42.743%)  route 0.162ns (57.257%))
  Logic Levels:           1  (LUT3=1)
  Clock Path Skew:        0.060ns (DCD - SCD - CPR)
    Destination Clock Delay (DCD):    2.072ns
    Source Clock Delay      (SCD):    1.863ns
    Clock Pessimism Removal (CPR):    0.149ns
  Clock Net Delay (Source):      1.712ns (routing 0.886ns, distribution 0.826ns)
  Clock Net Delay (Destination): 1.885ns (routing 0.971ns, distribution 0.914ns)

    Location             Delay type                Incr(ns)  Path(ns)    Netlist Resource(s)
  -------------------------------------------------------------------    -------------------
                         (clock clk_pl_0 rise edge)
                                                      0.000     0.000 r  
    PS8_X0Y0             PS8                          0.000     0.000 r  BD_1_i/zynq_ultra_ps_e_0/inst/PS8_i/PLCLK[0]
                         net (fo=1, routed)           0.129     0.129    BD_1_i/zynq_ultra_ps_e_0/inst/pl_clk_unbuffered[0]
    BUFG_PS_X0Y80        BUFG_PS (Prop_BUFG_PS_I_O)
                                                      0.022     0.151 r  BD_1_i/zynq_ultra_ps_e_0/inst/buffer_pl_clk_0.PL_CLK_0_BUFG/O
    X1Y1 (CLOCK_ROOT)    net (fo=29801, routed)       1.712     1.863    BD_1_i/ps8_0_axi_periph/s00_couplers/auto_ds/inst/gen_downsizer.gen_simple_downsizer.axi_downsizer_inst/USE_READ.read_addr_inst/cmd_queue/inst/fifo_gen_inst/inst_fifo_gen/gconvfifo.rf/grf.rf/rstblk/ngwrdrst.grst.g7serrst.gnsckt_wrst.rst_wr_reg2_inst/dest_clk
    SLICE_X10Y106        FDPE                                         r  BD_1_i/ps8_0_axi_periph/s00_couplers/auto_ds/inst/gen_downsizer.gen_simple_downsizer.axi_downsizer_inst/USE_READ.read_addr_inst/cmd_queue/inst/fifo_gen_inst/inst_fifo_gen/gconvfifo.rf/grf.rf/rstblk/ngwrdrst.grst.g7serrst.gnsckt_wrst.rst_wr_reg2_inst/arststages_ff_reg[1]/C
  -------------------------------------------------------------------    -------------------
    SLICE_X10Y106        FDPE (Prop_AFF2_SLICEM_C_Q)
                                                      0.084     1.947 f  BD_1_i/ps8_0_axi_periph/s00_couplers/auto_ds/inst/gen_downsizer.gen_simple_downsizer.axi_downsizer_inst/USE_READ.read_addr_inst/cmd_queue/inst/fifo_gen_inst/inst_fifo_gen/gconvfifo.rf/grf.rf/rstblk/ngwrdrst.grst.g7serrst.gnsckt_wrst.rst_wr_reg2_inst/arststages_ff_reg[1]/Q
                         net (fo=3, routed)           0.078     2.024    BD_1_i/ps8_0_axi_periph/s00_couplers/auto_ds/inst/gen_downsizer.gen_simple_downsizer.axi_downsizer_inst/USE_READ.read_addr_inst/cmd_queue/inst/fifo_gen_inst/inst_fifo_gen/gconvfifo.rf/grf.rf/rstblk/ngwrdrst.rst_wr_reg2
    SLICE_X9Y106         LUT3 (Prop_D6LUT_SLICEL_I2_O)
                                                      0.037     2.061 f  BD_1_i/ps8_0_axi_periph/s00_couplers/auto_ds/inst/gen_downsizer.gen_simple_downsizer.axi_downsizer_inst/USE_READ.read_addr_inst/cmd_queue/inst/fifo_gen_inst/inst_fifo_gen/gconvfifo.rf/grf.rf/rstblk/gpregsm1.curr_fwft_state[1]_i_2/O
                         net (fo=32, routed)          0.084     2.146    BD_1_i/ps8_0_axi_periph/s00_couplers/auto_ds/inst/gen_downsizer.gen_simple_downsizer.axi_downsizer_inst/USE_READ.read_addr_inst/cmd_queue/inst/fifo_gen_inst/inst_fifo_gen/gconvfifo.rf/grf.rf/gntv_or_sync_fifo.gl0.wr/wpntr/AR[0]
    SLICE_X9Y106         FDCE                                         f  BD_1_i/ps8_0_axi_periph/s00_couplers/auto_ds/inst/gen_downsizer.gen_simple_downsizer.axi_downsizer_inst/USE_READ.read_addr_inst/cmd_queue/inst/fifo_gen_inst/inst_fifo_gen/gconvfifo.rf/grf.rf/gntv_or_sync_fifo.gl0.wr/wpntr/gcc0.gc0.count_d1_reg[2]/CLR
  -------------------------------------------------------------------    -------------------

                         (clock clk_pl_0 rise edge)
                                                      0.000     0.000 r  
    PS8_X0Y0             PS8                          0.000     0.000 r  BD_1_i/zynq_ultra_ps_e_0/inst/PS8_i/PLCLK[0]
                         net (fo=1, routed)           0.164     0.164    BD_1_i/zynq_ultra_ps_e_0/inst/pl_clk_unbuffered[0]
    BUFG_PS_X0Y80        BUFG_PS (Prop_BUFG_PS_I_O)
                                                      0.023     0.187 r  BD_1_i/zynq_ultra_ps_e_0/inst/buffer_pl_clk_0.PL_CLK_0_BUFG/O
    X1Y1 (CLOCK_ROOT)    net (fo=29801, routed)       1.885     2.072    BD_1_i/ps8_0_axi_periph/s00_couplers/auto_ds/inst/gen_downsizer.gen_simple_downsizer.axi_downsizer_inst/USE_READ.read_addr_inst/cmd_queue/inst/fifo_gen_inst/inst_fifo_gen/gconvfifo.rf/grf.rf/gntv_or_sync_fifo.gl0.wr/wpntr/clk
    SLICE_X9Y106         FDCE                                         r  BD_1_i/ps8_0_axi_periph/s00_couplers/auto_ds/inst/gen_downsizer.gen_simple_downsizer.axi_downsizer_inst/USE_READ.read_addr_inst/cmd_queue/inst/fifo_gen_inst/inst_fifo_gen/gconvfifo.rf/grf.rf/gntv_or_sync_fifo.gl0.wr/wpntr/gcc0.gc0.count_d1_reg[2]/C
                         clock pessimism             -0.149     1.923    
    SLICE_X9Y106         FDCE (Remov_GFF2_SLICEL_C_CLR)
                                                     -0.018     1.905    BD_1_i/ps8_0_axi_periph/s00_couplers/auto_ds/inst/gen_downsizer.gen_simple_downsizer.axi_downsizer_inst/USE_READ.read_addr_inst/cmd_queue/inst/fifo_gen_inst/inst_fifo_gen/gconvfifo.rf/grf.rf/gntv_or_sync_fifo.gl0.wr/wpntr/gcc0.gc0.count_d1_reg[2]
  -------------------------------------------------------------------
                         required time                         -1.905    
                         arrival time                           2.146    
  -------------------------------------------------------------------
                         slack                                  0.241    

Slack (MET) :             0.245ns  (arrival time - required time)
  Source:                 BD_1_i/ps8_0_axi_periph/s00_couplers/auto_ds/inst/gen_downsizer.gen_simple_downsizer.axi_downsizer_inst/USE_READ.read_addr_inst/cmd_queue/inst/fifo_gen_inst/inst_fifo_gen/gconvfifo.rf/grf.rf/rstblk/ngwrdrst.grst.g7serrst.gnsckt_wrst.rst_wr_reg2_inst/arststages_ff_reg[1]/C
                            (rising edge-triggered cell FDPE clocked by clk_pl_0  {rise@0.000ns fall@5.000ns period=10.000ns})
  Destination:            BD_1_i/ps8_0_axi_periph/s00_couplers/auto_ds/inst/gen_downsizer.gen_simple_downsizer.axi_downsizer_inst/USE_READ.read_addr_inst/cmd_queue/inst/fifo_gen_inst/inst_fifo_gen/gconvfifo.rf/grf.rf/gntv_or_sync_fifo.gl0.wr/wpntr/gcc0.gc0.count_reg[0]/PRE
                            (removal check against rising-edge clock clk_pl_0  {rise@0.000ns fall@5.000ns period=10.000ns})
  Path Group:             **async_default**
  Path Type:              Removal (Min at Fast Process Corner)
  Requirement:            0.000ns  (clk_pl_0 rise@0.000ns - clk_pl_0 rise@0.000ns)
  Data Path Delay:        0.283ns  (logic 0.121ns (42.743%)  route 0.162ns (57.257%))
  Logic Levels:           1  (LUT3=1)
  Clock Path Skew:        0.056ns (DCD - SCD - CPR)
    Destination Clock Delay (DCD):    2.068ns
    Source Clock Delay      (SCD):    1.863ns
    Clock Pessimism Removal (CPR):    0.149ns
  Clock Net Delay (Source):      1.712ns (routing 0.886ns, distribution 0.826ns)
  Clock Net Delay (Destination): 1.881ns (routing 0.971ns, distribution 0.910ns)

    Location             Delay type                Incr(ns)  Path(ns)    Netlist Resource(s)
  -------------------------------------------------------------------    -------------------
                         (clock clk_pl_0 rise edge)
                                                      0.000     0.000 r  
    PS8_X0Y0             PS8                          0.000     0.000 r  BD_1_i/zynq_ultra_ps_e_0/inst/PS8_i/PLCLK[0]
                         net (fo=1, routed)           0.129     0.129    BD_1_i/zynq_ultra_ps_e_0/inst/pl_clk_unbuffered[0]
    BUFG_PS_X0Y80        BUFG_PS (Prop_BUFG_PS_I_O)
                                                      0.022     0.151 r  BD_1_i/zynq_ultra_ps_e_0/inst/buffer_pl_clk_0.PL_CLK_0_BUFG/O
    X1Y1 (CLOCK_ROOT)    net (fo=29801, routed)       1.712     1.863    BD_1_i/ps8_0_axi_periph/s00_couplers/auto_ds/inst/gen_downsizer.gen_simple_downsizer.axi_downsizer_inst/USE_READ.read_addr_inst/cmd_queue/inst/fifo_gen_inst/inst_fifo_gen/gconvfifo.rf/grf.rf/rstblk/ngwrdrst.grst.g7serrst.gnsckt_wrst.rst_wr_reg2_inst/dest_clk
    SLICE_X10Y106        FDPE                                         r  BD_1_i/ps8_0_axi_periph/s00_couplers/auto_ds/inst/gen_downsizer.gen_simple_downsizer.axi_downsizer_inst/USE_READ.read_addr_inst/cmd_queue/inst/fifo_gen_inst/inst_fifo_gen/gconvfifo.rf/grf.rf/rstblk/ngwrdrst.grst.g7serrst.gnsckt_wrst.rst_wr_reg2_inst/arststages_ff_reg[1]/C
  -------------------------------------------------------------------    -------------------
    SLICE_X10Y106        FDPE (Prop_AFF2_SLICEM_C_Q)
                                                      0.084     1.947 f  BD_1_i/ps8_0_axi_periph/s00_couplers/auto_ds/inst/gen_downsizer.gen_simple_downsizer.axi_downsizer_inst/USE_READ.read_addr_inst/cmd_queue/inst/fifo_gen_inst/inst_fifo_gen/gconvfifo.rf/grf.rf/rstblk/ngwrdrst.grst.g7serrst.gnsckt_wrst.rst_wr_reg2_inst/arststages_ff_reg[1]/Q
                         net (fo=3, routed)           0.078     2.024    BD_1_i/ps8_0_axi_periph/s00_couplers/auto_ds/inst/gen_downsizer.gen_simple_downsizer.axi_downsizer_inst/USE_READ.read_addr_inst/cmd_queue/inst/fifo_gen_inst/inst_fifo_gen/gconvfifo.rf/grf.rf/rstblk/ngwrdrst.rst_wr_reg2
    SLICE_X9Y106         LUT3 (Prop_D6LUT_SLICEL_I2_O)
                                                      0.037     2.061 f  BD_1_i/ps8_0_axi_periph/s00_couplers/auto_ds/inst/gen_downsizer.gen_simple_downsizer.axi_downsizer_inst/USE_READ.read_addr_inst/cmd_queue/inst/fifo_gen_inst/inst_fifo_gen/gconvfifo.rf/grf.rf/rstblk/gpregsm1.curr_fwft_state[1]_i_2/O
                         net (fo=32, routed)          0.084     2.146    BD_1_i/ps8_0_axi_periph/s00_couplers/auto_ds/inst/gen_downsizer.gen_simple_downsizer.axi_downsizer_inst/USE_READ.read_addr_inst/cmd_queue/inst/fifo_gen_inst/inst_fifo_gen/gconvfifo.rf/grf.rf/gntv_or_sync_fifo.gl0.wr/wpntr/AR[0]
    SLICE_X9Y106         FDPE                                         f  BD_1_i/ps8_0_axi_periph/s00_couplers/auto_ds/inst/gen_downsizer.gen_simple_downsizer.axi_downsizer_inst/USE_READ.read_addr_inst/cmd_queue/inst/fifo_gen_inst/inst_fifo_gen/gconvfifo.rf/grf.rf/gntv_or_sync_fifo.gl0.wr/wpntr/gcc0.gc0.count_reg[0]/PRE
  -------------------------------------------------------------------    -------------------

                         (clock clk_pl_0 rise edge)
                                                      0.000     0.000 r  
    PS8_X0Y0             PS8                          0.000     0.000 r  BD_1_i/zynq_ultra_ps_e_0/inst/PS8_i/PLCLK[0]
                         net (fo=1, routed)           0.164     0.164    BD_1_i/zynq_ultra_ps_e_0/inst/pl_clk_unbuffered[0]
    BUFG_PS_X0Y80        BUFG_PS (Prop_BUFG_PS_I_O)
                                                      0.023     0.187 r  BD_1_i/zynq_ultra_ps_e_0/inst/buffer_pl_clk_0.PL_CLK_0_BUFG/O
    X1Y1 (CLOCK_ROOT)    net (fo=29801, routed)       1.881     2.068    BD_1_i/ps8_0_axi_periph/s00_couplers/auto_ds/inst/gen_downsizer.gen_simple_downsizer.axi_downsizer_inst/USE_READ.read_addr_inst/cmd_queue/inst/fifo_gen_inst/inst_fifo_gen/gconvfifo.rf/grf.rf/gntv_or_sync_fifo.gl0.wr/wpntr/clk
    SLICE_X9Y106         FDPE                                         r  BD_1_i/ps8_0_axi_periph/s00_couplers/auto_ds/inst/gen_downsizer.gen_simple_downsizer.axi_downsizer_inst/USE_READ.read_addr_inst/cmd_queue/inst/fifo_gen_inst/inst_fifo_gen/gconvfifo.rf/grf.rf/gntv_or_sync_fifo.gl0.wr/wpntr/gcc0.gc0.count_reg[0]/C
                         clock pessimism             -0.149     1.919    
    SLICE_X9Y106         FDPE (Remov_DFF2_SLICEL_C_PRE)
                                                     -0.018     1.901    BD_1_i/ps8_0_axi_periph/s00_couplers/auto_ds/inst/gen_downsizer.gen_simple_downsizer.axi_downsizer_inst/USE_READ.read_addr_inst/cmd_queue/inst/fifo_gen_inst/inst_fifo_gen/gconvfifo.rf/grf.rf/gntv_or_sync_fifo.gl0.wr/wpntr/gcc0.gc0.count_reg[0]
  -------------------------------------------------------------------
                         required time                         -1.901    
                         arrival time                           2.146    
  -------------------------------------------------------------------
                         slack                                  0.245    





--------------------------------------------------------------------------------------
Path Group:  (none)
From Clock:  
  To Clock:  clk_pl_0

Max Delay             1 Endpoint
Min Delay             1 Endpoint
--------------------------------------------------------------------------------------


Max Delay Paths
--------------------------------------------------------------------------------------
Slack:                    inf
  Source:                 BD_1_i/zynq_ultra_ps_e_0/inst/PS8_i/EMIOGPIOO[95]
                            (internal pin)
  Destination:            BD_1_i/rst_ps8_0_99M/U0/EXT_LPF/ACTIVE_LOW_EXT.ACT_LO_EXT/GENERATE_LEVEL_P_S_CDC.SINGLE_BIT.CROSS_PLEVEL_IN2SCNDRY_IN_cdc_to/D
                            (rising edge-triggered cell FDRE clocked by clk_pl_0  {rise@0.000ns fall@5.000ns period=10.000ns})
  Path Group:             (none)
  Path Type:              Setup (Max at Slow Process Corner)
  Data Path Delay:        1.389ns  (logic 0.153ns (11.015%)  route 1.236ns (88.985%))
  Logic Levels:           1  (LUT1=1)
  Clock Uncertainty:      0.158ns  ((TSJ^2 + DJ^2)^1/2) / 2 + PE
    Total System Jitter     (TSJ):    0.050ns
    Discrete Jitter          (DJ):    0.312ns
    Phase Error              (PE):    0.000ns
  Clock Net Delay (Destination): 2.875ns (routing 1.450ns, distribution 1.425ns)
  Timing Exception:       False Path

    Location             Delay type                Incr(ns)  Path(ns)    Netlist Resource(s)
  -------------------------------------------------------------------    -------------------
    PS8_X0Y0             PS8                          0.000     0.000 f  BD_1_i/zynq_ultra_ps_e_0/inst/PS8_i/EMIOGPIOO[95]
                         net (fo=1, routed)           0.833     0.833    BD_1_i/rst_ps8_0_99M/U0/EXT_LPF/ACTIVE_LOW_EXT.ACT_LO_EXT/ext_reset_in
    SLICE_X0Y190         LUT1 (Prop_H6LUT_SLICEL_I0_O)
                                                      0.153     0.986 r  BD_1_i/rst_ps8_0_99M/U0/EXT_LPF/ACTIVE_LOW_EXT.ACT_LO_EXT/GENERATE_LEVEL_P_S_CDC.SINGLE_BIT.CROSS_PLEVEL_IN2SCNDRY_IN_cdc_to_i_1/O
                         net (fo=1, routed)           0.403     1.389    BD_1_i/rst_ps8_0_99M/U0/EXT_LPF/ACTIVE_LOW_EXT.ACT_LO_EXT/exr_d1
    SLICE_X0Y190         FDRE                                         r  BD_1_i/rst_ps8_0_99M/U0/EXT_LPF/ACTIVE_LOW_EXT.ACT_LO_EXT/GENERATE_LEVEL_P_S_CDC.SINGLE_BIT.CROSS_PLEVEL_IN2SCNDRY_IN_cdc_to/D
  -------------------------------------------------------------------    -------------------

                         (clock clk_pl_0 rise edge)
                                                      0.000     0.000 r  
    PS8_X0Y0             PS8                          0.000     0.000 r  BD_1_i/zynq_ultra_ps_e_0/inst/PS8_i/PLCLK[0]
                         net (fo=1, routed)           0.181     0.181    BD_1_i/zynq_ultra_ps_e_0/inst/pl_clk_unbuffered[0]
    BUFG_PS_X0Y80        BUFG_PS (Prop_BUFG_PS_I_O)
                                                      0.035     0.216 r  BD_1_i/zynq_ultra_ps_e_0/inst/buffer_pl_clk_0.PL_CLK_0_BUFG/O
    X1Y1 (CLOCK_ROOT)    net (fo=29801, routed)       2.875     3.091    BD_1_i/rst_ps8_0_99M/U0/EXT_LPF/ACTIVE_LOW_EXT.ACT_LO_EXT/slowest_sync_clk
    SLICE_X0Y190         FDRE                                         r  BD_1_i/rst_ps8_0_99M/U0/EXT_LPF/ACTIVE_LOW_EXT.ACT_LO_EXT/GENERATE_LEVEL_P_S_CDC.SINGLE_BIT.CROSS_PLEVEL_IN2SCNDRY_IN_cdc_to/C





Min Delay Paths
--------------------------------------------------------------------------------------
Slack:                    inf
  Source:                 BD_1_i/zynq_ultra_ps_e_0/inst/PS8_i/EMIOGPIOO[95]
                            (internal pin)
  Destination:            BD_1_i/rst_ps8_0_99M/U0/EXT_LPF/ACTIVE_LOW_EXT.ACT_LO_EXT/GENERATE_LEVEL_P_S_CDC.SINGLE_BIT.CROSS_PLEVEL_IN2SCNDRY_IN_cdc_to/D
                            (rising edge-triggered cell FDRE clocked by clk_pl_0  {rise@0.000ns fall@5.000ns period=10.000ns})
  Path Group:             (none)
  Path Type:              Hold (Min at Fast Process Corner)
  Data Path Delay:        0.526ns  (logic 0.077ns (14.639%)  route 0.449ns (85.361%))
  Logic Levels:           1  (LUT1=1)
  Clock Uncertainty:      0.158ns  ((TSJ^2 + DJ^2)^1/2) / 2 + PE
    Total System Jitter     (TSJ):    0.050ns
    Discrete Jitter          (DJ):    0.312ns
    Phase Error              (PE):    0.000ns
  Clock Net Delay (Destination): 1.916ns (routing 0.971ns, distribution 0.945ns)
  Timing Exception:       False Path

    Location             Delay type                Incr(ns)  Path(ns)    Netlist Resource(s)
  -------------------------------------------------------------------    -------------------
    PS8_X0Y0             PS8                          0.000     0.000 f  BD_1_i/zynq_ultra_ps_e_0/inst/PS8_i/EMIOGPIOO[95]
                         net (fo=1, routed)           0.337     0.337    BD_1_i/rst_ps8_0_99M/U0/EXT_LPF/ACTIVE_LOW_EXT.ACT_LO_EXT/ext_reset_in
    SLICE_X0Y190         LUT1 (Prop_H6LUT_SLICEL_I0_O)
                                                      0.077     0.414 r  BD_1_i/rst_ps8_0_99M/U0/EXT_LPF/ACTIVE_LOW_EXT.ACT_LO_EXT/GENERATE_LEVEL_P_S_CDC.SINGLE_BIT.CROSS_PLEVEL_IN2SCNDRY_IN_cdc_to_i_1/O
                         net (fo=1, routed)           0.112     0.526    BD_1_i/rst_ps8_0_99M/U0/EXT_LPF/ACTIVE_LOW_EXT.ACT_LO_EXT/exr_d1
    SLICE_X0Y190         FDRE                                         r  BD_1_i/rst_ps8_0_99M/U0/EXT_LPF/ACTIVE_LOW_EXT.ACT_LO_EXT/GENERATE_LEVEL_P_S_CDC.SINGLE_BIT.CROSS_PLEVEL_IN2SCNDRY_IN_cdc_to/D
  -------------------------------------------------------------------    -------------------

                         (clock clk_pl_0 rise edge)
                                                      0.000     0.000 r  
    PS8_X0Y0             PS8                          0.000     0.000 r  BD_1_i/zynq_ultra_ps_e_0/inst/PS8_i/PLCLK[0]
                         net (fo=1, routed)           0.164     0.164    BD_1_i/zynq_ultra_ps_e_0/inst/pl_clk_unbuffered[0]
    BUFG_PS_X0Y80        BUFG_PS (Prop_BUFG_PS_I_O)
                                                      0.023     0.187 r  BD_1_i/zynq_ultra_ps_e_0/inst/buffer_pl_clk_0.PL_CLK_0_BUFG/O
    X1Y1 (CLOCK_ROOT)    net (fo=29801, routed)       1.916     2.103    BD_1_i/rst_ps8_0_99M/U0/EXT_LPF/ACTIVE_LOW_EXT.ACT_LO_EXT/slowest_sync_clk
    SLICE_X0Y190         FDRE                                         r  BD_1_i/rst_ps8_0_99M/U0/EXT_LPF/ACTIVE_LOW_EXT.ACT_LO_EXT/GENERATE_LEVEL_P_S_CDC.SINGLE_BIT.CROSS_PLEVEL_IN2SCNDRY_IN_cdc_to/C





--------------------------------------------------------------------------------------
Path Group:  (none)
From Clock:  clk_pl_0
  To Clock:  clk_pl_0

Max Delay            12 Endpoints
Min Delay            12 Endpoints
--------------------------------------------------------------------------------------


Max Delay Paths
--------------------------------------------------------------------------------------
Slack:                    inf
  Source:                 BD_1_i/rst_ps8_0_99M/U0/ACTIVE_LOW_PR_OUT_DFF[0].FDRE_PER_N/C
                            (rising edge-triggered cell FDRE clocked by clk_pl_0  {rise@0.000ns fall@5.000ns period=10.000ns})
  Destination:            BD_1_i/ps8_0_axi_periph/s00_couplers/auto_ds/inst/gen_downsizer.gen_simple_downsizer.axi_downsizer_inst/USE_WRITE.write_addr_inst/USE_B_CHANNEL.cmd_b_queue/inst/fifo_gen_inst/inst_fifo_gen/gconvfifo.rf/grf.rf/rstblk/ngwrdrst.grst.g7serrst.gnsckt_wrst.rst_wr_reg2_inst/arststages_ff_reg[0]/PRE
                            (recovery check against rising-edge clock clk_pl_0  {rise@0.000ns fall@5.000ns period=10.000ns})
  Path Group:             (none)
  Path Type:              Recovery (Max at Slow Process Corner)
  Data Path Delay:        2.044ns  (logic 0.114ns (5.576%)  route 1.930ns (94.424%))
  Logic Levels:           0  
  Clock Path Skew:        -0.405ns (DCD - SCD + CPR)
    Destination Clock Delay (DCD):    3.033ns
    Source Clock Delay      (SCD):    3.438ns
    Clock Pessimism Removal (CPR):    0.000ns
  Clock Uncertainty:      0.160ns  ((TSJ^2 + DJ^2)^1/2) / 2 + PE
    Total System Jitter     (TSJ):    0.071ns
    Discrete Jitter          (DJ):    0.312ns
    Phase Error              (PE):    0.000ns
  Clock Net Delay (Source):      3.171ns (routing 1.584ns, distribution 1.587ns)
  Clock Net Delay (Destination): 2.817ns (routing 1.450ns, distribution 1.367ns)
  Timing Exception:       False Path

    Location             Delay type                Incr(ns)  Path(ns)    Netlist Resource(s)
  -------------------------------------------------------------------    -------------------
                         (clock clk_pl_0 rise edge)
                                                      0.000     0.000 r  
    PS8_X0Y0             PS8                          0.000     0.000 r  BD_1_i/zynq_ultra_ps_e_0/inst/PS8_i/PLCLK[0]
                         net (fo=1, routed)           0.229     0.229    BD_1_i/zynq_ultra_ps_e_0/inst/pl_clk_unbuffered[0]
    BUFG_PS_X0Y80        BUFG_PS (Prop_BUFG_PS_I_O)
                                                      0.038     0.267 r  BD_1_i/zynq_ultra_ps_e_0/inst/buffer_pl_clk_0.PL_CLK_0_BUFG/O
    X1Y1 (CLOCK_ROOT)    net (fo=29801, routed)       3.171     3.438    BD_1_i/rst_ps8_0_99M/U0/slowest_sync_clk
    SLICE_X0Y197         FDRE                                         r  BD_1_i/rst_ps8_0_99M/U0/ACTIVE_LOW_PR_OUT_DFF[0].FDRE_PER_N/C
  -------------------------------------------------------------------    -------------------
    SLICE_X0Y197         FDRE (Prop_EFF_SLICEL_C_Q)
                                                      0.114     3.552 r  BD_1_i/rst_ps8_0_99M/U0/ACTIVE_LOW_PR_OUT_DFF[0].FDRE_PER_N/Q
                         net (fo=812, routed)         1.930     5.483    BD_1_i/ps8_0_axi_periph/s00_couplers/auto_ds/inst/gen_downsizer.gen_simple_downsizer.axi_downsizer_inst/USE_WRITE.write_addr_inst/USE_B_CHANNEL.cmd_b_queue/inst/fifo_gen_inst/inst_fifo_gen/gconvfifo.rf/grf.rf/rstblk/ngwrdrst.grst.g7serrst.gnsckt_wrst.rst_wr_reg2_inst/src_arst
    SLICE_X0Y76          FDPE                                         f  BD_1_i/ps8_0_axi_periph/s00_couplers/auto_ds/inst/gen_downsizer.gen_simple_downsizer.axi_downsizer_inst/USE_WRITE.write_addr_inst/USE_B_CHANNEL.cmd_b_queue/inst/fifo_gen_inst/inst_fifo_gen/gconvfifo.rf/grf.rf/rstblk/ngwrdrst.grst.g7serrst.gnsckt_wrst.rst_wr_reg2_inst/arststages_ff_reg[0]/PRE  (IS_INVERTED)
  -------------------------------------------------------------------    -------------------

                         (clock clk_pl_0 rise edge)
                                                      0.000     0.000 r  
    PS8_X0Y0             PS8                          0.000     0.000 r  BD_1_i/zynq_ultra_ps_e_0/inst/PS8_i/PLCLK[0]
                         net (fo=1, routed)           0.181     0.181    BD_1_i/zynq_ultra_ps_e_0/inst/pl_clk_unbuffered[0]
    BUFG_PS_X0Y80        BUFG_PS (Prop_BUFG_PS_I_O)
                                                      0.035     0.216 r  BD_1_i/zynq_ultra_ps_e_0/inst/buffer_pl_clk_0.PL_CLK_0_BUFG/O
    X1Y1 (CLOCK_ROOT)    net (fo=29801, routed)       2.817     3.033    BD_1_i/ps8_0_axi_periph/s00_couplers/auto_ds/inst/gen_downsizer.gen_simple_downsizer.axi_downsizer_inst/USE_WRITE.write_addr_inst/USE_B_CHANNEL.cmd_b_queue/inst/fifo_gen_inst/inst_fifo_gen/gconvfifo.rf/grf.rf/rstblk/ngwrdrst.grst.g7serrst.gnsckt_wrst.rst_wr_reg2_inst/dest_clk
    SLICE_X0Y76          FDPE                                         r  BD_1_i/ps8_0_axi_periph/s00_couplers/auto_ds/inst/gen_downsizer.gen_simple_downsizer.axi_downsizer_inst/USE_WRITE.write_addr_inst/USE_B_CHANNEL.cmd_b_queue/inst/fifo_gen_inst/inst_fifo_gen/gconvfifo.rf/grf.rf/rstblk/ngwrdrst.grst.g7serrst.gnsckt_wrst.rst_wr_reg2_inst/arststages_ff_reg[0]/C

Slack:                    inf
  Source:                 BD_1_i/rst_ps8_0_99M/U0/ACTIVE_LOW_PR_OUT_DFF[0].FDRE_PER_N/C
                            (rising edge-triggered cell FDRE clocked by clk_pl_0  {rise@0.000ns fall@5.000ns period=10.000ns})
  Destination:            BD_1_i/ps8_0_axi_periph/s00_couplers/auto_ds/inst/gen_downsizer.gen_simple_downsizer.axi_downsizer_inst/USE_WRITE.write_addr_inst/USE_B_CHANNEL.cmd_b_queue/inst/fifo_gen_inst/inst_fifo_gen/gconvfifo.rf/grf.rf/rstblk/ngwrdrst.grst.g7serrst.gnsckt_wrst.rst_wr_reg2_inst/arststages_ff_reg[1]/PRE
                            (recovery check against rising-edge clock clk_pl_0  {rise@0.000ns fall@5.000ns period=10.000ns})
  Path Group:             (none)
  Path Type:              Recovery (Max at Slow Process Corner)
  Data Path Delay:        2.044ns  (logic 0.114ns (5.576%)  route 1.930ns (94.424%))
  Logic Levels:           0  
  Clock Path Skew:        -0.405ns (DCD - SCD + CPR)
    Destination Clock Delay (DCD):    3.033ns
    Source Clock Delay      (SCD):    3.438ns
    Clock Pessimism Removal (CPR):    0.000ns
  Clock Uncertainty:      0.160ns  ((TSJ^2 + DJ^2)^1/2) / 2 + PE
    Total System Jitter     (TSJ):    0.071ns
    Discrete Jitter          (DJ):    0.312ns
    Phase Error              (PE):    0.000ns
  Clock Net Delay (Source):      3.171ns (routing 1.584ns, distribution 1.587ns)
  Clock Net Delay (Destination): 2.817ns (routing 1.450ns, distribution 1.367ns)
  Timing Exception:       False Path

    Location             Delay type                Incr(ns)  Path(ns)    Netlist Resource(s)
  -------------------------------------------------------------------    -------------------
                         (clock clk_pl_0 rise edge)
                                                      0.000     0.000 r  
    PS8_X0Y0             PS8                          0.000     0.000 r  BD_1_i/zynq_ultra_ps_e_0/inst/PS8_i/PLCLK[0]
                         net (fo=1, routed)           0.229     0.229    BD_1_i/zynq_ultra_ps_e_0/inst/pl_clk_unbuffered[0]
    BUFG_PS_X0Y80        BUFG_PS (Prop_BUFG_PS_I_O)
                                                      0.038     0.267 r  BD_1_i/zynq_ultra_ps_e_0/inst/buffer_pl_clk_0.PL_CLK_0_BUFG/O
    X1Y1 (CLOCK_ROOT)    net (fo=29801, routed)       3.171     3.438    BD_1_i/rst_ps8_0_99M/U0/slowest_sync_clk
    SLICE_X0Y197         FDRE                                         r  BD_1_i/rst_ps8_0_99M/U0/ACTIVE_LOW_PR_OUT_DFF[0].FDRE_PER_N/C
  -------------------------------------------------------------------    -------------------
    SLICE_X0Y197         FDRE (Prop_EFF_SLICEL_C_Q)
                                                      0.114     3.552 r  BD_1_i/rst_ps8_0_99M/U0/ACTIVE_LOW_PR_OUT_DFF[0].FDRE_PER_N/Q
                         net (fo=812, routed)         1.930     5.483    BD_1_i/ps8_0_axi_periph/s00_couplers/auto_ds/inst/gen_downsizer.gen_simple_downsizer.axi_downsizer_inst/USE_WRITE.write_addr_inst/USE_B_CHANNEL.cmd_b_queue/inst/fifo_gen_inst/inst_fifo_gen/gconvfifo.rf/grf.rf/rstblk/ngwrdrst.grst.g7serrst.gnsckt_wrst.rst_wr_reg2_inst/src_arst
    SLICE_X0Y76          FDPE                                         f  BD_1_i/ps8_0_axi_periph/s00_couplers/auto_ds/inst/gen_downsizer.gen_simple_downsizer.axi_downsizer_inst/USE_WRITE.write_addr_inst/USE_B_CHANNEL.cmd_b_queue/inst/fifo_gen_inst/inst_fifo_gen/gconvfifo.rf/grf.rf/rstblk/ngwrdrst.grst.g7serrst.gnsckt_wrst.rst_wr_reg2_inst/arststages_ff_reg[1]/PRE  (IS_INVERTED)
  -------------------------------------------------------------------    -------------------

                         (clock clk_pl_0 rise edge)
                                                      0.000     0.000 r  
    PS8_X0Y0             PS8                          0.000     0.000 r  BD_1_i/zynq_ultra_ps_e_0/inst/PS8_i/PLCLK[0]
                         net (fo=1, routed)           0.181     0.181    BD_1_i/zynq_ultra_ps_e_0/inst/pl_clk_unbuffered[0]
    BUFG_PS_X0Y80        BUFG_PS (Prop_BUFG_PS_I_O)
                                                      0.035     0.216 r  BD_1_i/zynq_ultra_ps_e_0/inst/buffer_pl_clk_0.PL_CLK_0_BUFG/O
    X1Y1 (CLOCK_ROOT)    net (fo=29801, routed)       2.817     3.033    BD_1_i/ps8_0_axi_periph/s00_couplers/auto_ds/inst/gen_downsizer.gen_simple_downsizer.axi_downsizer_inst/USE_WRITE.write_addr_inst/USE_B_CHANNEL.cmd_b_queue/inst/fifo_gen_inst/inst_fifo_gen/gconvfifo.rf/grf.rf/rstblk/ngwrdrst.grst.g7serrst.gnsckt_wrst.rst_wr_reg2_inst/dest_clk
    SLICE_X0Y76          FDPE                                         r  BD_1_i/ps8_0_axi_periph/s00_couplers/auto_ds/inst/gen_downsizer.gen_simple_downsizer.axi_downsizer_inst/USE_WRITE.write_addr_inst/USE_B_CHANNEL.cmd_b_queue/inst/fifo_gen_inst/inst_fifo_gen/gconvfifo.rf/grf.rf/rstblk/ngwrdrst.grst.g7serrst.gnsckt_wrst.rst_wr_reg2_inst/arststages_ff_reg[1]/C

Slack:                    inf
  Source:                 BD_1_i/rst_ps8_0_99M/U0/ACTIVE_LOW_PR_OUT_DFF[0].FDRE_PER_N/C
                            (rising edge-triggered cell FDRE clocked by clk_pl_0  {rise@0.000ns fall@5.000ns period=10.000ns})
  Destination:            BD_1_i/ps8_0_axi_periph/s00_couplers/auto_ds/inst/gen_downsizer.gen_simple_downsizer.axi_downsizer_inst/USE_WRITE.write_addr_inst/cmd_queue/inst/fifo_gen_inst/inst_fifo_gen/gconvfifo.rf/grf.rf/rstblk/ngwrdrst.grst.g7serrst.gnsckt_wrst.rst_wr_reg2_inst/arststages_ff_reg[0]/PRE
                            (recovery check against rising-edge clock clk_pl_0  {rise@0.000ns fall@5.000ns period=10.000ns})
  Path Group:             (none)
  Path Type:              Recovery (Max at Slow Process Corner)
  Data Path Delay:        2.029ns  (logic 0.114ns (5.618%)  route 1.915ns (94.382%))
  Logic Levels:           0  
  Clock Path Skew:        -0.381ns (DCD - SCD + CPR)
    Destination Clock Delay (DCD):    3.058ns
    Source Clock Delay      (SCD):    3.438ns
    Clock Pessimism Removal (CPR):    0.000ns
  Clock Uncertainty:      0.160ns  ((TSJ^2 + DJ^2)^1/2) / 2 + PE
    Total System Jitter     (TSJ):    0.071ns
    Discrete Jitter          (DJ):    0.312ns
    Phase Error              (PE):    0.000ns
  Clock Net Delay (Source):      3.171ns (routing 1.584ns, distribution 1.587ns)
  Clock Net Delay (Destination): 2.842ns (routing 1.450ns, distribution 1.392ns)
  Timing Exception:       False Path

    Location             Delay type                Incr(ns)  Path(ns)    Netlist Resource(s)
  -------------------------------------------------------------------    -------------------
                         (clock clk_pl_0 rise edge)
                                                      0.000     0.000 r  
    PS8_X0Y0             PS8                          0.000     0.000 r  BD_1_i/zynq_ultra_ps_e_0/inst/PS8_i/PLCLK[0]
                         net (fo=1, routed)           0.229     0.229    BD_1_i/zynq_ultra_ps_e_0/inst/pl_clk_unbuffered[0]
    BUFG_PS_X0Y80        BUFG_PS (Prop_BUFG_PS_I_O)
                                                      0.038     0.267 r  BD_1_i/zynq_ultra_ps_e_0/inst/buffer_pl_clk_0.PL_CLK_0_BUFG/O
    X1Y1 (CLOCK_ROOT)    net (fo=29801, routed)       3.171     3.438    BD_1_i/rst_ps8_0_99M/U0/slowest_sync_clk
    SLICE_X0Y197         FDRE                                         r  BD_1_i/rst_ps8_0_99M/U0/ACTIVE_LOW_PR_OUT_DFF[0].FDRE_PER_N/C
  -------------------------------------------------------------------    -------------------
    SLICE_X0Y197         FDRE (Prop_EFF_SLICEL_C_Q)
                                                      0.114     3.552 r  BD_1_i/rst_ps8_0_99M/U0/ACTIVE_LOW_PR_OUT_DFF[0].FDRE_PER_N/Q
                         net (fo=812, routed)         1.915     5.467    BD_1_i/ps8_0_axi_periph/s00_couplers/auto_ds/inst/gen_downsizer.gen_simple_downsizer.axi_downsizer_inst/USE_WRITE.write_addr_inst/cmd_queue/inst/fifo_gen_inst/inst_fifo_gen/gconvfifo.rf/grf.rf/rstblk/ngwrdrst.grst.g7serrst.gnsckt_wrst.rst_wr_reg2_inst/src_arst
    SLICE_X2Y79          FDPE                                         f  BD_1_i/ps8_0_axi_periph/s00_couplers/auto_ds/inst/gen_downsizer.gen_simple_downsizer.axi_downsizer_inst/USE_WRITE.write_addr_inst/cmd_queue/inst/fifo_gen_inst/inst_fifo_gen/gconvfifo.rf/grf.rf/rstblk/ngwrdrst.grst.g7serrst.gnsckt_wrst.rst_wr_reg2_inst/arststages_ff_reg[0]/PRE  (IS_INVERTED)
  -------------------------------------------------------------------    -------------------

                         (clock clk_pl_0 rise edge)
                                                      0.000     0.000 r  
    PS8_X0Y0             PS8                          0.000     0.000 r  BD_1_i/zynq_ultra_ps_e_0/inst/PS8_i/PLCLK[0]
                         net (fo=1, routed)           0.181     0.181    BD_1_i/zynq_ultra_ps_e_0/inst/pl_clk_unbuffered[0]
    BUFG_PS_X0Y80        BUFG_PS (Prop_BUFG_PS_I_O)
                                                      0.035     0.216 r  BD_1_i/zynq_ultra_ps_e_0/inst/buffer_pl_clk_0.PL_CLK_0_BUFG/O
    X1Y1 (CLOCK_ROOT)    net (fo=29801, routed)       2.842     3.058    BD_1_i/ps8_0_axi_periph/s00_couplers/auto_ds/inst/gen_downsizer.gen_simple_downsizer.axi_downsizer_inst/USE_WRITE.write_addr_inst/cmd_queue/inst/fifo_gen_inst/inst_fifo_gen/gconvfifo.rf/grf.rf/rstblk/ngwrdrst.grst.g7serrst.gnsckt_wrst.rst_wr_reg2_inst/dest_clk
    SLICE_X2Y79          FDPE                                         r  BD_1_i/ps8_0_axi_periph/s00_couplers/auto_ds/inst/gen_downsizer.gen_simple_downsizer.axi_downsizer_inst/USE_WRITE.write_addr_inst/cmd_queue/inst/fifo_gen_inst/inst_fifo_gen/gconvfifo.rf/grf.rf/rstblk/ngwrdrst.grst.g7serrst.gnsckt_wrst.rst_wr_reg2_inst/arststages_ff_reg[0]/C

Slack:                    inf
  Source:                 BD_1_i/rst_ps8_0_99M/U0/ACTIVE_LOW_PR_OUT_DFF[0].FDRE_PER_N/C
                            (rising edge-triggered cell FDRE clocked by clk_pl_0  {rise@0.000ns fall@5.000ns period=10.000ns})
  Destination:            BD_1_i/ps8_0_axi_periph/s00_couplers/auto_ds/inst/gen_downsizer.gen_simple_downsizer.axi_downsizer_inst/USE_WRITE.write_addr_inst/cmd_queue/inst/fifo_gen_inst/inst_fifo_gen/gconvfifo.rf/grf.rf/rstblk/ngwrdrst.grst.g7serrst.gnsckt_wrst.rst_wr_reg2_inst/arststages_ff_reg[1]/PRE
                            (recovery check against rising-edge clock clk_pl_0  {rise@0.000ns fall@5.000ns period=10.000ns})
  Path Group:             (none)
  Path Type:              Recovery (Max at Slow Process Corner)
  Data Path Delay:        2.029ns  (logic 0.114ns (5.618%)  route 1.915ns (94.382%))
  Logic Levels:           0  
  Clock Path Skew:        -0.381ns (DCD - SCD + CPR)
    Destination Clock Delay (DCD):    3.058ns
    Source Clock Delay      (SCD):    3.438ns
    Clock Pessimism Removal (CPR):    0.000ns
  Clock Uncertainty:      0.160ns  ((TSJ^2 + DJ^2)^1/2) / 2 + PE
    Total System Jitter     (TSJ):    0.071ns
    Discrete Jitter          (DJ):    0.312ns
    Phase Error              (PE):    0.000ns
  Clock Net Delay (Source):      3.171ns (routing 1.584ns, distribution 1.587ns)
  Clock Net Delay (Destination): 2.842ns (routing 1.450ns, distribution 1.392ns)
  Timing Exception:       False Path

    Location             Delay type                Incr(ns)  Path(ns)    Netlist Resource(s)
  -------------------------------------------------------------------    -------------------
                         (clock clk_pl_0 rise edge)
                                                      0.000     0.000 r  
    PS8_X0Y0             PS8                          0.000     0.000 r  BD_1_i/zynq_ultra_ps_e_0/inst/PS8_i/PLCLK[0]
                         net (fo=1, routed)           0.229     0.229    BD_1_i/zynq_ultra_ps_e_0/inst/pl_clk_unbuffered[0]
    BUFG_PS_X0Y80        BUFG_PS (Prop_BUFG_PS_I_O)
                                                      0.038     0.267 r  BD_1_i/zynq_ultra_ps_e_0/inst/buffer_pl_clk_0.PL_CLK_0_BUFG/O
    X1Y1 (CLOCK_ROOT)    net (fo=29801, routed)       3.171     3.438    BD_1_i/rst_ps8_0_99M/U0/slowest_sync_clk
    SLICE_X0Y197         FDRE                                         r  BD_1_i/rst_ps8_0_99M/U0/ACTIVE_LOW_PR_OUT_DFF[0].FDRE_PER_N/C
  -------------------------------------------------------------------    -------------------
    SLICE_X0Y197         FDRE (Prop_EFF_SLICEL_C_Q)
                                                      0.114     3.552 r  BD_1_i/rst_ps8_0_99M/U0/ACTIVE_LOW_PR_OUT_DFF[0].FDRE_PER_N/Q
                         net (fo=812, routed)         1.915     5.467    BD_1_i/ps8_0_axi_periph/s00_couplers/auto_ds/inst/gen_downsizer.gen_simple_downsizer.axi_downsizer_inst/USE_WRITE.write_addr_inst/cmd_queue/inst/fifo_gen_inst/inst_fifo_gen/gconvfifo.rf/grf.rf/rstblk/ngwrdrst.grst.g7serrst.gnsckt_wrst.rst_wr_reg2_inst/src_arst
    SLICE_X2Y79          FDPE                                         f  BD_1_i/ps8_0_axi_periph/s00_couplers/auto_ds/inst/gen_downsizer.gen_simple_downsizer.axi_downsizer_inst/USE_WRITE.write_addr_inst/cmd_queue/inst/fifo_gen_inst/inst_fifo_gen/gconvfifo.rf/grf.rf/rstblk/ngwrdrst.grst.g7serrst.gnsckt_wrst.rst_wr_reg2_inst/arststages_ff_reg[1]/PRE  (IS_INVERTED)
  -------------------------------------------------------------------    -------------------

                         (clock clk_pl_0 rise edge)
                                                      0.000     0.000 r  
    PS8_X0Y0             PS8                          0.000     0.000 r  BD_1_i/zynq_ultra_ps_e_0/inst/PS8_i/PLCLK[0]
                         net (fo=1, routed)           0.181     0.181    BD_1_i/zynq_ultra_ps_e_0/inst/pl_clk_unbuffered[0]
    BUFG_PS_X0Y80        BUFG_PS (Prop_BUFG_PS_I_O)
                                                      0.035     0.216 r  BD_1_i/zynq_ultra_ps_e_0/inst/buffer_pl_clk_0.PL_CLK_0_BUFG/O
    X1Y1 (CLOCK_ROOT)    net (fo=29801, routed)       2.842     3.058    BD_1_i/ps8_0_axi_periph/s00_couplers/auto_ds/inst/gen_downsizer.gen_simple_downsizer.axi_downsizer_inst/USE_WRITE.write_addr_inst/cmd_queue/inst/fifo_gen_inst/inst_fifo_gen/gconvfifo.rf/grf.rf/rstblk/ngwrdrst.grst.g7serrst.gnsckt_wrst.rst_wr_reg2_inst/dest_clk
    SLICE_X2Y79          FDPE                                         r  BD_1_i/ps8_0_axi_periph/s00_couplers/auto_ds/inst/gen_downsizer.gen_simple_downsizer.axi_downsizer_inst/USE_WRITE.write_addr_inst/cmd_queue/inst/fifo_gen_inst/inst_fifo_gen/gconvfifo.rf/grf.rf/rstblk/ngwrdrst.grst.g7serrst.gnsckt_wrst.rst_wr_reg2_inst/arststages_ff_reg[1]/C

Slack:                    inf
  Source:                 BD_1_i/rst_ps8_0_99M/U0/ACTIVE_LOW_PR_OUT_DFF[0].FDRE_PER_N/C
                            (rising edge-triggered cell FDRE clocked by clk_pl_0  {rise@0.000ns fall@5.000ns period=10.000ns})
  Destination:            BD_1_i/ps8_0_axi_periph/s00_couplers/auto_ds/inst/gen_downsizer.gen_simple_downsizer.axi_downsizer_inst/USE_READ.read_addr_inst/cmd_queue/inst/fifo_gen_inst/inst_fifo_gen/gconvfifo.rf/grf.rf/rstblk/ngwrdrst.grst.g7serrst.gnsckt_wrst.rst_wr_reg2_inst/arststages_ff_reg[0]/PRE
                            (recovery check against rising-edge clock clk_pl_0  {rise@0.000ns fall@5.000ns period=10.000ns})
  Path Group:             (none)
  Path Type:              Recovery (Max at Slow Process Corner)
  Data Path Delay:        1.695ns  (logic 0.114ns (6.727%)  route 1.581ns (93.273%))
  Logic Levels:           0  
  Clock Path Skew:        -0.404ns (DCD - SCD + CPR)
    Destination Clock Delay (DCD):    3.034ns
    Source Clock Delay      (SCD):    3.438ns
    Clock Pessimism Removal (CPR):    0.000ns
  Clock Uncertainty:      0.160ns  ((TSJ^2 + DJ^2)^1/2) / 2 + PE
    Total System Jitter     (TSJ):    0.071ns
    Discrete Jitter          (DJ):    0.312ns
    Phase Error              (PE):    0.000ns
  Clock Net Delay (Source):      3.171ns (routing 1.584ns, distribution 1.587ns)
  Clock Net Delay (Destination): 2.818ns (routing 1.450ns, distribution 1.368ns)
  Timing Exception:       False Path

    Location             Delay type                Incr(ns)  Path(ns)    Netlist Resource(s)
  -------------------------------------------------------------------    -------------------
                         (clock clk_pl_0 rise edge)
                                                      0.000     0.000 r  
    PS8_X0Y0             PS8                          0.000     0.000 r  BD_1_i/zynq_ultra_ps_e_0/inst/PS8_i/PLCLK[0]
                         net (fo=1, routed)           0.229     0.229    BD_1_i/zynq_ultra_ps_e_0/inst/pl_clk_unbuffered[0]
    BUFG_PS_X0Y80        BUFG_PS (Prop_BUFG_PS_I_O)
                                                      0.038     0.267 r  BD_1_i/zynq_ultra_ps_e_0/inst/buffer_pl_clk_0.PL_CLK_0_BUFG/O
    X1Y1 (CLOCK_ROOT)    net (fo=29801, routed)       3.171     3.438    BD_1_i/rst_ps8_0_99M/U0/slowest_sync_clk
    SLICE_X0Y197         FDRE                                         r  BD_1_i/rst_ps8_0_99M/U0/ACTIVE_LOW_PR_OUT_DFF[0].FDRE_PER_N/C
  -------------------------------------------------------------------    -------------------
    SLICE_X0Y197         FDRE (Prop_EFF_SLICEL_C_Q)
                                                      0.114     3.552 r  BD_1_i/rst_ps8_0_99M/U0/ACTIVE_LOW_PR_OUT_DFF[0].FDRE_PER_N/Q
                         net (fo=812, routed)         1.581     5.133    BD_1_i/ps8_0_axi_periph/s00_couplers/auto_ds/inst/gen_downsizer.gen_simple_downsizer.axi_downsizer_inst/USE_READ.read_addr_inst/cmd_queue/inst/fifo_gen_inst/inst_fifo_gen/gconvfifo.rf/grf.rf/rstblk/ngwrdrst.grst.g7serrst.gnsckt_wrst.rst_wr_reg2_inst/src_arst
    SLICE_X10Y106        FDPE                                         f  BD_1_i/ps8_0_axi_periph/s00_couplers/auto_ds/inst/gen_downsizer.gen_simple_downsizer.axi_downsizer_inst/USE_READ.read_addr_inst/cmd_queue/inst/fifo_gen_inst/inst_fifo_gen/gconvfifo.rf/grf.rf/rstblk/ngwrdrst.grst.g7serrst.gnsckt_wrst.rst_wr_reg2_inst/arststages_ff_reg[0]/PRE  (IS_INVERTED)
  -------------------------------------------------------------------    -------------------

                         (clock clk_pl_0 rise edge)
                                                      0.000     0.000 r  
    PS8_X0Y0             PS8                          0.000     0.000 r  BD_1_i/zynq_ultra_ps_e_0/inst/PS8_i/PLCLK[0]
                         net (fo=1, routed)           0.181     0.181    BD_1_i/zynq_ultra_ps_e_0/inst/pl_clk_unbuffered[0]
    BUFG_PS_X0Y80        BUFG_PS (Prop_BUFG_PS_I_O)
                                                      0.035     0.216 r  BD_1_i/zynq_ultra_ps_e_0/inst/buffer_pl_clk_0.PL_CLK_0_BUFG/O
    X1Y1 (CLOCK_ROOT)    net (fo=29801, routed)       2.818     3.034    BD_1_i/ps8_0_axi_periph/s00_couplers/auto_ds/inst/gen_downsizer.gen_simple_downsizer.axi_downsizer_inst/USE_READ.read_addr_inst/cmd_queue/inst/fifo_gen_inst/inst_fifo_gen/gconvfifo.rf/grf.rf/rstblk/ngwrdrst.grst.g7serrst.gnsckt_wrst.rst_wr_reg2_inst/dest_clk
    SLICE_X10Y106        FDPE                                         r  BD_1_i/ps8_0_axi_periph/s00_couplers/auto_ds/inst/gen_downsizer.gen_simple_downsizer.axi_downsizer_inst/USE_READ.read_addr_inst/cmd_queue/inst/fifo_gen_inst/inst_fifo_gen/gconvfifo.rf/grf.rf/rstblk/ngwrdrst.grst.g7serrst.gnsckt_wrst.rst_wr_reg2_inst/arststages_ff_reg[0]/C

Slack:                    inf
  Source:                 BD_1_i/rst_ps8_0_99M/U0/ACTIVE_LOW_PR_OUT_DFF[0].FDRE_PER_N/C
                            (rising edge-triggered cell FDRE clocked by clk_pl_0  {rise@0.000ns fall@5.000ns period=10.000ns})
  Destination:            BD_1_i/ps8_0_axi_periph/s00_couplers/auto_ds/inst/gen_downsizer.gen_simple_downsizer.axi_downsizer_inst/USE_READ.read_addr_inst/cmd_queue/inst/fifo_gen_inst/inst_fifo_gen/gconvfifo.rf/grf.rf/rstblk/ngwrdrst.grst.g7serrst.gnsckt_wrst.rst_wr_reg2_inst/arststages_ff_reg[1]/PRE
                            (recovery check against rising-edge clock clk_pl_0  {rise@0.000ns fall@5.000ns period=10.000ns})
  Path Group:             (none)
  Path Type:              Recovery (Max at Slow Process Corner)
  Data Path Delay:        1.695ns  (logic 0.114ns (6.727%)  route 1.581ns (93.273%))
  Logic Levels:           0  
  Clock Path Skew:        -0.404ns (DCD - SCD + CPR)
    Destination Clock Delay (DCD):    3.034ns
    Source Clock Delay      (SCD):    3.438ns
    Clock Pessimism Removal (CPR):    0.000ns
  Clock Uncertainty:      0.160ns  ((TSJ^2 + DJ^2)^1/2) / 2 + PE
    Total System Jitter     (TSJ):    0.071ns
    Discrete Jitter          (DJ):    0.312ns
    Phase Error              (PE):    0.000ns
  Clock Net Delay (Source):      3.171ns (routing 1.584ns, distribution 1.587ns)
  Clock Net Delay (Destination): 2.818ns (routing 1.450ns, distribution 1.368ns)
  Timing Exception:       False Path

    Location             Delay type                Incr(ns)  Path(ns)    Netlist Resource(s)
  -------------------------------------------------------------------    -------------------
                         (clock clk_pl_0 rise edge)
                                                      0.000     0.000 r  
    PS8_X0Y0             PS8                          0.000     0.000 r  BD_1_i/zynq_ultra_ps_e_0/inst/PS8_i/PLCLK[0]
                         net (fo=1, routed)           0.229     0.229    BD_1_i/zynq_ultra_ps_e_0/inst/pl_clk_unbuffered[0]
    BUFG_PS_X0Y80        BUFG_PS (Prop_BUFG_PS_I_O)
                                                      0.038     0.267 r  BD_1_i/zynq_ultra_ps_e_0/inst/buffer_pl_clk_0.PL_CLK_0_BUFG/O
    X1Y1 (CLOCK_ROOT)    net (fo=29801, routed)       3.171     3.438    BD_1_i/rst_ps8_0_99M/U0/slowest_sync_clk
    SLICE_X0Y197         FDRE                                         r  BD_1_i/rst_ps8_0_99M/U0/ACTIVE_LOW_PR_OUT_DFF[0].FDRE_PER_N/C
  -------------------------------------------------------------------    -------------------
    SLICE_X0Y197         FDRE (Prop_EFF_SLICEL_C_Q)
                                                      0.114     3.552 r  BD_1_i/rst_ps8_0_99M/U0/ACTIVE_LOW_PR_OUT_DFF[0].FDRE_PER_N/Q
                         net (fo=812, routed)         1.581     5.133    BD_1_i/ps8_0_axi_periph/s00_couplers/auto_ds/inst/gen_downsizer.gen_simple_downsizer.axi_downsizer_inst/USE_READ.read_addr_inst/cmd_queue/inst/fifo_gen_inst/inst_fifo_gen/gconvfifo.rf/grf.rf/rstblk/ngwrdrst.grst.g7serrst.gnsckt_wrst.rst_wr_reg2_inst/src_arst
    SLICE_X10Y106        FDPE                                         f  BD_1_i/ps8_0_axi_periph/s00_couplers/auto_ds/inst/gen_downsizer.gen_simple_downsizer.axi_downsizer_inst/USE_READ.read_addr_inst/cmd_queue/inst/fifo_gen_inst/inst_fifo_gen/gconvfifo.rf/grf.rf/rstblk/ngwrdrst.grst.g7serrst.gnsckt_wrst.rst_wr_reg2_inst/arststages_ff_reg[1]/PRE  (IS_INVERTED)
  -------------------------------------------------------------------    -------------------

                         (clock clk_pl_0 rise edge)
                                                      0.000     0.000 r  
    PS8_X0Y0             PS8                          0.000     0.000 r  BD_1_i/zynq_ultra_ps_e_0/inst/PS8_i/PLCLK[0]
                         net (fo=1, routed)           0.181     0.181    BD_1_i/zynq_ultra_ps_e_0/inst/pl_clk_unbuffered[0]
    BUFG_PS_X0Y80        BUFG_PS (Prop_BUFG_PS_I_O)
                                                      0.035     0.216 r  BD_1_i/zynq_ultra_ps_e_0/inst/buffer_pl_clk_0.PL_CLK_0_BUFG/O
    X1Y1 (CLOCK_ROOT)    net (fo=29801, routed)       2.818     3.034    BD_1_i/ps8_0_axi_periph/s00_couplers/auto_ds/inst/gen_downsizer.gen_simple_downsizer.axi_downsizer_inst/USE_READ.read_addr_inst/cmd_queue/inst/fifo_gen_inst/inst_fifo_gen/gconvfifo.rf/grf.rf/rstblk/ngwrdrst.grst.g7serrst.gnsckt_wrst.rst_wr_reg2_inst/dest_clk
    SLICE_X10Y106        FDPE                                         r  BD_1_i/ps8_0_axi_periph/s00_couplers/auto_ds/inst/gen_downsizer.gen_simple_downsizer.axi_downsizer_inst/USE_READ.read_addr_inst/cmd_queue/inst/fifo_gen_inst/inst_fifo_gen/gconvfifo.rf/grf.rf/rstblk/ngwrdrst.grst.g7serrst.gnsckt_wrst.rst_wr_reg2_inst/arststages_ff_reg[1]/C

Slack:                    inf
  Source:                 BD_1_i/rst_ps8_0_99M/U0/ACTIVE_LOW_PR_OUT_DFF[0].FDRE_PER_N/C
                            (rising edge-triggered cell FDRE clocked by clk_pl_0  {rise@0.000ns fall@5.000ns period=10.000ns})
  Destination:            BD_1_i/ps8_0_axi_periph/s01_couplers/auto_ds/inst/gen_downsizer.gen_simple_downsizer.axi_downsizer_inst/USE_WRITE.write_addr_inst/cmd_queue/inst/fifo_gen_inst/inst_fifo_gen/gconvfifo.rf/grf.rf/rstblk/ngwrdrst.grst.g7serrst.gnsckt_wrst.rst_wr_reg2_inst/arststages_ff_reg[0]/PRE
                            (recovery check against rising-edge clock clk_pl_0  {rise@0.000ns fall@5.000ns period=10.000ns})
  Path Group:             (none)
  Path Type:              Recovery (Max at Slow Process Corner)
  Data Path Delay:        1.619ns  (logic 0.114ns (7.041%)  route 1.505ns (92.958%))
  Logic Levels:           0  
  Clock Path Skew:        -0.390ns (DCD - SCD + CPR)
    Destination Clock Delay (DCD):    3.048ns
    Source Clock Delay      (SCD):    3.438ns
    Clock Pessimism Removal (CPR):    0.000ns
  Clock Uncertainty:      0.160ns  ((TSJ^2 + DJ^2)^1/2) / 2 + PE
    Total System Jitter     (TSJ):    0.071ns
    Discrete Jitter          (DJ):    0.312ns
    Phase Error              (PE):    0.000ns
  Clock Net Delay (Source):      3.171ns (routing 1.584ns, distribution 1.587ns)
  Clock Net Delay (Destination): 2.832ns (routing 1.450ns, distribution 1.382ns)
  Timing Exception:       False Path

    Location             Delay type                Incr(ns)  Path(ns)    Netlist Resource(s)
  -------------------------------------------------------------------    -------------------
                         (clock clk_pl_0 rise edge)
                                                      0.000     0.000 r  
    PS8_X0Y0             PS8                          0.000     0.000 r  BD_1_i/zynq_ultra_ps_e_0/inst/PS8_i/PLCLK[0]
                         net (fo=1, routed)           0.229     0.229    BD_1_i/zynq_ultra_ps_e_0/inst/pl_clk_unbuffered[0]
    BUFG_PS_X0Y80        BUFG_PS (Prop_BUFG_PS_I_O)
                                                      0.038     0.267 r  BD_1_i/zynq_ultra_ps_e_0/inst/buffer_pl_clk_0.PL_CLK_0_BUFG/O
    X1Y1 (CLOCK_ROOT)    net (fo=29801, routed)       3.171     3.438    BD_1_i/rst_ps8_0_99M/U0/slowest_sync_clk
    SLICE_X0Y197         FDRE                                         r  BD_1_i/rst_ps8_0_99M/U0/ACTIVE_LOW_PR_OUT_DFF[0].FDRE_PER_N/C
  -------------------------------------------------------------------    -------------------
    SLICE_X0Y197         FDRE (Prop_EFF_SLICEL_C_Q)
                                                      0.114     3.552 r  BD_1_i/rst_ps8_0_99M/U0/ACTIVE_LOW_PR_OUT_DFF[0].FDRE_PER_N/Q
                         net (fo=812, routed)         1.505     5.057    BD_1_i/ps8_0_axi_periph/s01_couplers/auto_ds/inst/gen_downsizer.gen_simple_downsizer.axi_downsizer_inst/USE_WRITE.write_addr_inst/cmd_queue/inst/fifo_gen_inst/inst_fifo_gen/gconvfifo.rf/grf.rf/rstblk/ngwrdrst.grst.g7serrst.gnsckt_wrst.rst_wr_reg2_inst/src_arst
    SLICE_X11Y153        FDPE                                         f  BD_1_i/ps8_0_axi_periph/s01_couplers/auto_ds/inst/gen_downsizer.gen_simple_downsizer.axi_downsizer_inst/USE_WRITE.write_addr_inst/cmd_queue/inst/fifo_gen_inst/inst_fifo_gen/gconvfifo.rf/grf.rf/rstblk/ngwrdrst.grst.g7serrst.gnsckt_wrst.rst_wr_reg2_inst/arststages_ff_reg[0]/PRE  (IS_INVERTED)
  -------------------------------------------------------------------    -------------------

                         (clock clk_pl_0 rise edge)
                                                      0.000     0.000 r  
    PS8_X0Y0             PS8                          0.000     0.000 r  BD_1_i/zynq_ultra_ps_e_0/inst/PS8_i/PLCLK[0]
                         net (fo=1, routed)           0.181     0.181    BD_1_i/zynq_ultra_ps_e_0/inst/pl_clk_unbuffered[0]
    BUFG_PS_X0Y80        BUFG_PS (Prop_BUFG_PS_I_O)
                                                      0.035     0.216 r  BD_1_i/zynq_ultra_ps_e_0/inst/buffer_pl_clk_0.PL_CLK_0_BUFG/O
    X1Y1 (CLOCK_ROOT)    net (fo=29801, routed)       2.832     3.048    BD_1_i/ps8_0_axi_periph/s01_couplers/auto_ds/inst/gen_downsizer.gen_simple_downsizer.axi_downsizer_inst/USE_WRITE.write_addr_inst/cmd_queue/inst/fifo_gen_inst/inst_fifo_gen/gconvfifo.rf/grf.rf/rstblk/ngwrdrst.grst.g7serrst.gnsckt_wrst.rst_wr_reg2_inst/dest_clk
    SLICE_X11Y153        FDPE                                         r  BD_1_i/ps8_0_axi_periph/s01_couplers/auto_ds/inst/gen_downsizer.gen_simple_downsizer.axi_downsizer_inst/USE_WRITE.write_addr_inst/cmd_queue/inst/fifo_gen_inst/inst_fifo_gen/gconvfifo.rf/grf.rf/rstblk/ngwrdrst.grst.g7serrst.gnsckt_wrst.rst_wr_reg2_inst/arststages_ff_reg[0]/C

Slack:                    inf
  Source:                 BD_1_i/rst_ps8_0_99M/U0/ACTIVE_LOW_PR_OUT_DFF[0].FDRE_PER_N/C
                            (rising edge-triggered cell FDRE clocked by clk_pl_0  {rise@0.000ns fall@5.000ns period=10.000ns})
  Destination:            BD_1_i/ps8_0_axi_periph/s01_couplers/auto_ds/inst/gen_downsizer.gen_simple_downsizer.axi_downsizer_inst/USE_WRITE.write_addr_inst/cmd_queue/inst/fifo_gen_inst/inst_fifo_gen/gconvfifo.rf/grf.rf/rstblk/ngwrdrst.grst.g7serrst.gnsckt_wrst.rst_wr_reg2_inst/arststages_ff_reg[1]/PRE
                            (recovery check against rising-edge clock clk_pl_0  {rise@0.000ns fall@5.000ns period=10.000ns})
  Path Group:             (none)
  Path Type:              Recovery (Max at Slow Process Corner)
  Data Path Delay:        1.619ns  (logic 0.114ns (7.041%)  route 1.505ns (92.958%))
  Logic Levels:           0  
  Clock Path Skew:        -0.390ns (DCD - SCD + CPR)
    Destination Clock Delay (DCD):    3.048ns
    Source Clock Delay      (SCD):    3.438ns
    Clock Pessimism Removal (CPR):    0.000ns
  Clock Uncertainty:      0.160ns  ((TSJ^2 + DJ^2)^1/2) / 2 + PE
    Total System Jitter     (TSJ):    0.071ns
    Discrete Jitter          (DJ):    0.312ns
    Phase Error              (PE):    0.000ns
  Clock Net Delay (Source):      3.171ns (routing 1.584ns, distribution 1.587ns)
  Clock Net Delay (Destination): 2.832ns (routing 1.450ns, distribution 1.382ns)
  Timing Exception:       False Path

    Location             Delay type                Incr(ns)  Path(ns)    Netlist Resource(s)
  -------------------------------------------------------------------    -------------------
                         (clock clk_pl_0 rise edge)
                                                      0.000     0.000 r  
    PS8_X0Y0             PS8                          0.000     0.000 r  BD_1_i/zynq_ultra_ps_e_0/inst/PS8_i/PLCLK[0]
                         net (fo=1, routed)           0.229     0.229    BD_1_i/zynq_ultra_ps_e_0/inst/pl_clk_unbuffered[0]
    BUFG_PS_X0Y80        BUFG_PS (Prop_BUFG_PS_I_O)
                                                      0.038     0.267 r  BD_1_i/zynq_ultra_ps_e_0/inst/buffer_pl_clk_0.PL_CLK_0_BUFG/O
    X1Y1 (CLOCK_ROOT)    net (fo=29801, routed)       3.171     3.438    BD_1_i/rst_ps8_0_99M/U0/slowest_sync_clk
    SLICE_X0Y197         FDRE                                         r  BD_1_i/rst_ps8_0_99M/U0/ACTIVE_LOW_PR_OUT_DFF[0].FDRE_PER_N/C
  -------------------------------------------------------------------    -------------------
    SLICE_X0Y197         FDRE (Prop_EFF_SLICEL_C_Q)
                                                      0.114     3.552 r  BD_1_i/rst_ps8_0_99M/U0/ACTIVE_LOW_PR_OUT_DFF[0].FDRE_PER_N/Q
                         net (fo=812, routed)         1.505     5.057    BD_1_i/ps8_0_axi_periph/s01_couplers/auto_ds/inst/gen_downsizer.gen_simple_downsizer.axi_downsizer_inst/USE_WRITE.write_addr_inst/cmd_queue/inst/fifo_gen_inst/inst_fifo_gen/gconvfifo.rf/grf.rf/rstblk/ngwrdrst.grst.g7serrst.gnsckt_wrst.rst_wr_reg2_inst/src_arst
    SLICE_X11Y153        FDPE                                         f  BD_1_i/ps8_0_axi_periph/s01_couplers/auto_ds/inst/gen_downsizer.gen_simple_downsizer.axi_downsizer_inst/USE_WRITE.write_addr_inst/cmd_queue/inst/fifo_gen_inst/inst_fifo_gen/gconvfifo.rf/grf.rf/rstblk/ngwrdrst.grst.g7serrst.gnsckt_wrst.rst_wr_reg2_inst/arststages_ff_reg[1]/PRE  (IS_INVERTED)
  -------------------------------------------------------------------    -------------------

                         (clock clk_pl_0 rise edge)
                                                      0.000     0.000 r  
    PS8_X0Y0             PS8                          0.000     0.000 r  BD_1_i/zynq_ultra_ps_e_0/inst/PS8_i/PLCLK[0]
                         net (fo=1, routed)           0.181     0.181    BD_1_i/zynq_ultra_ps_e_0/inst/pl_clk_unbuffered[0]
    BUFG_PS_X0Y80        BUFG_PS (Prop_BUFG_PS_I_O)
                                                      0.035     0.216 r  BD_1_i/zynq_ultra_ps_e_0/inst/buffer_pl_clk_0.PL_CLK_0_BUFG/O
    X1Y1 (CLOCK_ROOT)    net (fo=29801, routed)       2.832     3.048    BD_1_i/ps8_0_axi_periph/s01_couplers/auto_ds/inst/gen_downsizer.gen_simple_downsizer.axi_downsizer_inst/USE_WRITE.write_addr_inst/cmd_queue/inst/fifo_gen_inst/inst_fifo_gen/gconvfifo.rf/grf.rf/rstblk/ngwrdrst.grst.g7serrst.gnsckt_wrst.rst_wr_reg2_inst/dest_clk
    SLICE_X11Y153        FDPE                                         r  BD_1_i/ps8_0_axi_periph/s01_couplers/auto_ds/inst/gen_downsizer.gen_simple_downsizer.axi_downsizer_inst/USE_WRITE.write_addr_inst/cmd_queue/inst/fifo_gen_inst/inst_fifo_gen/gconvfifo.rf/grf.rf/rstblk/ngwrdrst.grst.g7serrst.gnsckt_wrst.rst_wr_reg2_inst/arststages_ff_reg[1]/C

Slack:                    inf
  Source:                 BD_1_i/rst_ps8_0_99M/U0/ACTIVE_LOW_PR_OUT_DFF[0].FDRE_PER_N/C
                            (rising edge-triggered cell FDRE clocked by clk_pl_0  {rise@0.000ns fall@5.000ns period=10.000ns})
  Destination:            BD_1_i/ps8_0_axi_periph/s01_couplers/auto_ds/inst/gen_downsizer.gen_simple_downsizer.axi_downsizer_inst/USE_WRITE.write_addr_inst/USE_B_CHANNEL.cmd_b_queue/inst/fifo_gen_inst/inst_fifo_gen/gconvfifo.rf/grf.rf/rstblk/ngwrdrst.grst.g7serrst.gnsckt_wrst.rst_wr_reg2_inst/arststages_ff_reg[0]/PRE
                            (recovery check against rising-edge clock clk_pl_0  {rise@0.000ns fall@5.000ns period=10.000ns})
  Path Group:             (none)
  Path Type:              Recovery (Max at Slow Process Corner)
  Data Path Delay:        1.267ns  (logic 0.114ns (8.994%)  route 1.153ns (91.006%))
  Logic Levels:           0  
  Clock Path Skew:        -0.335ns (DCD - SCD + CPR)
    Destination Clock Delay (DCD):    3.103ns
    Source Clock Delay      (SCD):    3.438ns
    Clock Pessimism Removal (CPR):    0.000ns
  Clock Uncertainty:      0.160ns  ((TSJ^2 + DJ^2)^1/2) / 2 + PE
    Total System Jitter     (TSJ):    0.071ns
    Discrete Jitter          (DJ):    0.312ns
    Phase Error              (PE):    0.000ns
  Clock Net Delay (Source):      3.171ns (routing 1.584ns, distribution 1.587ns)
  Clock Net Delay (Destination): 2.887ns (routing 1.450ns, distribution 1.437ns)
  Timing Exception:       False Path

    Location             Delay type                Incr(ns)  Path(ns)    Netlist Resource(s)
  -------------------------------------------------------------------    -------------------
                         (clock clk_pl_0 rise edge)
                                                      0.000     0.000 r  
    PS8_X0Y0             PS8                          0.000     0.000 r  BD_1_i/zynq_ultra_ps_e_0/inst/PS8_i/PLCLK[0]
                         net (fo=1, routed)           0.229     0.229    BD_1_i/zynq_ultra_ps_e_0/inst/pl_clk_unbuffered[0]
    BUFG_PS_X0Y80        BUFG_PS (Prop_BUFG_PS_I_O)
                                                      0.038     0.267 r  BD_1_i/zynq_ultra_ps_e_0/inst/buffer_pl_clk_0.PL_CLK_0_BUFG/O
    X1Y1 (CLOCK_ROOT)    net (fo=29801, routed)       3.171     3.438    BD_1_i/rst_ps8_0_99M/U0/slowest_sync_clk
    SLICE_X0Y197         FDRE                                         r  BD_1_i/rst_ps8_0_99M/U0/ACTIVE_LOW_PR_OUT_DFF[0].FDRE_PER_N/C
  -------------------------------------------------------------------    -------------------
    SLICE_X0Y197         FDRE (Prop_EFF_SLICEL_C_Q)
                                                      0.114     3.552 r  BD_1_i/rst_ps8_0_99M/U0/ACTIVE_LOW_PR_OUT_DFF[0].FDRE_PER_N/Q
                         net (fo=812, routed)         1.153     4.706    BD_1_i/ps8_0_axi_periph/s01_couplers/auto_ds/inst/gen_downsizer.gen_simple_downsizer.axi_downsizer_inst/USE_WRITE.write_addr_inst/USE_B_CHANNEL.cmd_b_queue/inst/fifo_gen_inst/inst_fifo_gen/gconvfifo.rf/grf.rf/rstblk/ngwrdrst.grst.g7serrst.gnsckt_wrst.rst_wr_reg2_inst/src_arst
    SLICE_X8Y186         FDPE                                         f  BD_1_i/ps8_0_axi_periph/s01_couplers/auto_ds/inst/gen_downsizer.gen_simple_downsizer.axi_downsizer_inst/USE_WRITE.write_addr_inst/USE_B_CHANNEL.cmd_b_queue/inst/fifo_gen_inst/inst_fifo_gen/gconvfifo.rf/grf.rf/rstblk/ngwrdrst.grst.g7serrst.gnsckt_wrst.rst_wr_reg2_inst/arststages_ff_reg[0]/PRE  (IS_INVERTED)
  -------------------------------------------------------------------    -------------------

                         (clock clk_pl_0 rise edge)
                                                      0.000     0.000 r  
    PS8_X0Y0             PS8                          0.000     0.000 r  BD_1_i/zynq_ultra_ps_e_0/inst/PS8_i/PLCLK[0]
                         net (fo=1, routed)           0.181     0.181    BD_1_i/zynq_ultra_ps_e_0/inst/pl_clk_unbuffered[0]
    BUFG_PS_X0Y80        BUFG_PS (Prop_BUFG_PS_I_O)
                                                      0.035     0.216 r  BD_1_i/zynq_ultra_ps_e_0/inst/buffer_pl_clk_0.PL_CLK_0_BUFG/O
    X1Y1 (CLOCK_ROOT)    net (fo=29801, routed)       2.887     3.103    BD_1_i/ps8_0_axi_periph/s01_couplers/auto_ds/inst/gen_downsizer.gen_simple_downsizer.axi_downsizer_inst/USE_WRITE.write_addr_inst/USE_B_CHANNEL.cmd_b_queue/inst/fifo_gen_inst/inst_fifo_gen/gconvfifo.rf/grf.rf/rstblk/ngwrdrst.grst.g7serrst.gnsckt_wrst.rst_wr_reg2_inst/dest_clk
    SLICE_X8Y186         FDPE                                         r  BD_1_i/ps8_0_axi_periph/s01_couplers/auto_ds/inst/gen_downsizer.gen_simple_downsizer.axi_downsizer_inst/USE_WRITE.write_addr_inst/USE_B_CHANNEL.cmd_b_queue/inst/fifo_gen_inst/inst_fifo_gen/gconvfifo.rf/grf.rf/rstblk/ngwrdrst.grst.g7serrst.gnsckt_wrst.rst_wr_reg2_inst/arststages_ff_reg[0]/C

Slack:                    inf
  Source:                 BD_1_i/rst_ps8_0_99M/U0/ACTIVE_LOW_PR_OUT_DFF[0].FDRE_PER_N/C
                            (rising edge-triggered cell FDRE clocked by clk_pl_0  {rise@0.000ns fall@5.000ns period=10.000ns})
  Destination:            BD_1_i/ps8_0_axi_periph/s01_couplers/auto_ds/inst/gen_downsizer.gen_simple_downsizer.axi_downsizer_inst/USE_WRITE.write_addr_inst/USE_B_CHANNEL.cmd_b_queue/inst/fifo_gen_inst/inst_fifo_gen/gconvfifo.rf/grf.rf/rstblk/ngwrdrst.grst.g7serrst.gnsckt_wrst.rst_wr_reg2_inst/arststages_ff_reg[1]/PRE
                            (recovery check against rising-edge clock clk_pl_0  {rise@0.000ns fall@5.000ns period=10.000ns})
  Path Group:             (none)
  Path Type:              Recovery (Max at Slow Process Corner)
  Data Path Delay:        1.267ns  (logic 0.114ns (8.994%)  route 1.153ns (91.006%))
  Logic Levels:           0  
  Clock Path Skew:        -0.335ns (DCD - SCD + CPR)
    Destination Clock Delay (DCD):    3.103ns
    Source Clock Delay      (SCD):    3.438ns
    Clock Pessimism Removal (CPR):    0.000ns
  Clock Uncertainty:      0.160ns  ((TSJ^2 + DJ^2)^1/2) / 2 + PE
    Total System Jitter     (TSJ):    0.071ns
    Discrete Jitter          (DJ):    0.312ns
    Phase Error              (PE):    0.000ns
  Clock Net Delay (Source):      3.171ns (routing 1.584ns, distribution 1.587ns)
  Clock Net Delay (Destination): 2.887ns (routing 1.450ns, distribution 1.437ns)
  Timing Exception:       False Path

    Location             Delay type                Incr(ns)  Path(ns)    Netlist Resource(s)
  -------------------------------------------------------------------    -------------------
                         (clock clk_pl_0 rise edge)
                                                      0.000     0.000 r  
    PS8_X0Y0             PS8                          0.000     0.000 r  BD_1_i/zynq_ultra_ps_e_0/inst/PS8_i/PLCLK[0]
                         net (fo=1, routed)           0.229     0.229    BD_1_i/zynq_ultra_ps_e_0/inst/pl_clk_unbuffered[0]
    BUFG_PS_X0Y80        BUFG_PS (Prop_BUFG_PS_I_O)
                                                      0.038     0.267 r  BD_1_i/zynq_ultra_ps_e_0/inst/buffer_pl_clk_0.PL_CLK_0_BUFG/O
    X1Y1 (CLOCK_ROOT)    net (fo=29801, routed)       3.171     3.438    BD_1_i/rst_ps8_0_99M/U0/slowest_sync_clk
    SLICE_X0Y197         FDRE                                         r  BD_1_i/rst_ps8_0_99M/U0/ACTIVE_LOW_PR_OUT_DFF[0].FDRE_PER_N/C
  -------------------------------------------------------------------    -------------------
    SLICE_X0Y197         FDRE (Prop_EFF_SLICEL_C_Q)
                                                      0.114     3.552 r  BD_1_i/rst_ps8_0_99M/U0/ACTIVE_LOW_PR_OUT_DFF[0].FDRE_PER_N/Q
                         net (fo=812, routed)         1.153     4.706    BD_1_i/ps8_0_axi_periph/s01_couplers/auto_ds/inst/gen_downsizer.gen_simple_downsizer.axi_downsizer_inst/USE_WRITE.write_addr_inst/USE_B_CHANNEL.cmd_b_queue/inst/fifo_gen_inst/inst_fifo_gen/gconvfifo.rf/grf.rf/rstblk/ngwrdrst.grst.g7serrst.gnsckt_wrst.rst_wr_reg2_inst/src_arst
    SLICE_X8Y186         FDPE                                         f  BD_1_i/ps8_0_axi_periph/s01_couplers/auto_ds/inst/gen_downsizer.gen_simple_downsizer.axi_downsizer_inst/USE_WRITE.write_addr_inst/USE_B_CHANNEL.cmd_b_queue/inst/fifo_gen_inst/inst_fifo_gen/gconvfifo.rf/grf.rf/rstblk/ngwrdrst.grst.g7serrst.gnsckt_wrst.rst_wr_reg2_inst/arststages_ff_reg[1]/PRE  (IS_INVERTED)
  -------------------------------------------------------------------    -------------------

                         (clock clk_pl_0 rise edge)
                                                      0.000     0.000 r  
    PS8_X0Y0             PS8                          0.000     0.000 r  BD_1_i/zynq_ultra_ps_e_0/inst/PS8_i/PLCLK[0]
                         net (fo=1, routed)           0.181     0.181    BD_1_i/zynq_ultra_ps_e_0/inst/pl_clk_unbuffered[0]
    BUFG_PS_X0Y80        BUFG_PS (Prop_BUFG_PS_I_O)
                                                      0.035     0.216 r  BD_1_i/zynq_ultra_ps_e_0/inst/buffer_pl_clk_0.PL_CLK_0_BUFG/O
    X1Y1 (CLOCK_ROOT)    net (fo=29801, routed)       2.887     3.103    BD_1_i/ps8_0_axi_periph/s01_couplers/auto_ds/inst/gen_downsizer.gen_simple_downsizer.axi_downsizer_inst/USE_WRITE.write_addr_inst/USE_B_CHANNEL.cmd_b_queue/inst/fifo_gen_inst/inst_fifo_gen/gconvfifo.rf/grf.rf/rstblk/ngwrdrst.grst.g7serrst.gnsckt_wrst.rst_wr_reg2_inst/dest_clk
    SLICE_X8Y186         FDPE                                         r  BD_1_i/ps8_0_axi_periph/s01_couplers/auto_ds/inst/gen_downsizer.gen_simple_downsizer.axi_downsizer_inst/USE_WRITE.write_addr_inst/USE_B_CHANNEL.cmd_b_queue/inst/fifo_gen_inst/inst_fifo_gen/gconvfifo.rf/grf.rf/rstblk/ngwrdrst.grst.g7serrst.gnsckt_wrst.rst_wr_reg2_inst/arststages_ff_reg[1]/C





Min Delay Paths
--------------------------------------------------------------------------------------
Slack:                    inf
  Source:                 BD_1_i/rst_ps8_0_99M/U0/ACTIVE_LOW_PR_OUT_DFF[0].FDRE_PER_N/C
                            (rising edge-triggered cell FDRE clocked by clk_pl_0  {rise@0.000ns fall@5.000ns period=10.000ns})
  Destination:            BD_1_i/ps8_0_axi_periph/s01_couplers/auto_ds/inst/gen_downsizer.gen_simple_downsizer.axi_downsizer_inst/USE_READ.read_addr_inst/cmd_queue/inst/fifo_gen_inst/inst_fifo_gen/gconvfifo.rf/grf.rf/rstblk/ngwrdrst.grst.g7serrst.gnsckt_wrst.rst_wr_reg2_inst/arststages_ff_reg[0]/PRE
                            (removal check against rising-edge clock clk_pl_0  {rise@0.000ns fall@5.000ns period=10.000ns})
  Path Group:             (none)
  Path Type:              Removal (Min at Fast Process Corner)
  Data Path Delay:        0.294ns  (logic 0.084ns (28.529%)  route 0.210ns (71.471%))
  Logic Levels:           0  
  Clock Path Skew:        0.202ns (DCD - SCD - CPR)
    Destination Clock Delay (DCD):    2.119ns
    Source Clock Delay      (SCD):    1.917ns
    Clock Pessimism Removal (CPR):    -0.000ns
  Clock Uncertainty:      0.160ns  ((TSJ^2 + DJ^2)^1/2) / 2 + PE
    Total System Jitter     (TSJ):    0.071ns
    Discrete Jitter          (DJ):    0.312ns
    Phase Error              (PE):    0.000ns
  Clock Net Delay (Source):      1.766ns (routing 0.886ns, distribution 0.880ns)
  Clock Net Delay (Destination): 1.932ns (routing 0.971ns, distribution 0.961ns)
  Timing Exception:       False Path

    Location             Delay type                Incr(ns)  Path(ns)    Netlist Resource(s)
  -------------------------------------------------------------------    -------------------
                         (clock clk_pl_0 rise edge)
                                                      0.000     0.000 r  
    PS8_X0Y0             PS8                          0.000     0.000 r  BD_1_i/zynq_ultra_ps_e_0/inst/PS8_i/PLCLK[0]
                         net (fo=1, routed)           0.129     0.129    BD_1_i/zynq_ultra_ps_e_0/inst/pl_clk_unbuffered[0]
    BUFG_PS_X0Y80        BUFG_PS (Prop_BUFG_PS_I_O)
                                                      0.022     0.151 r  BD_1_i/zynq_ultra_ps_e_0/inst/buffer_pl_clk_0.PL_CLK_0_BUFG/O
    X1Y1 (CLOCK_ROOT)    net (fo=29801, routed)       1.766     1.917    BD_1_i/rst_ps8_0_99M/U0/slowest_sync_clk
    SLICE_X0Y197         FDRE                                         r  BD_1_i/rst_ps8_0_99M/U0/ACTIVE_LOW_PR_OUT_DFF[0].FDRE_PER_N/C
  -------------------------------------------------------------------    -------------------
    SLICE_X0Y197         FDRE (Prop_EFF_SLICEL_C_Q)
                                                      0.084     2.001 r  BD_1_i/rst_ps8_0_99M/U0/ACTIVE_LOW_PR_OUT_DFF[0].FDRE_PER_N/Q
                         net (fo=812, routed)         0.210     2.211    BD_1_i/ps8_0_axi_periph/s01_couplers/auto_ds/inst/gen_downsizer.gen_simple_downsizer.axi_downsizer_inst/USE_READ.read_addr_inst/cmd_queue/inst/fifo_gen_inst/inst_fifo_gen/gconvfifo.rf/grf.rf/rstblk/ngwrdrst.grst.g7serrst.gnsckt_wrst.rst_wr_reg2_inst/src_arst
    SLICE_X6Y185         FDPE                                         f  BD_1_i/ps8_0_axi_periph/s01_couplers/auto_ds/inst/gen_downsizer.gen_simple_downsizer.axi_downsizer_inst/USE_READ.read_addr_inst/cmd_queue/inst/fifo_gen_inst/inst_fifo_gen/gconvfifo.rf/grf.rf/rstblk/ngwrdrst.grst.g7serrst.gnsckt_wrst.rst_wr_reg2_inst/arststages_ff_reg[0]/PRE  (IS_INVERTED)
  -------------------------------------------------------------------    -------------------

                         (clock clk_pl_0 rise edge)
                                                      0.000     0.000 r  
    PS8_X0Y0             PS8                          0.000     0.000 r  BD_1_i/zynq_ultra_ps_e_0/inst/PS8_i/PLCLK[0]
                         net (fo=1, routed)           0.164     0.164    BD_1_i/zynq_ultra_ps_e_0/inst/pl_clk_unbuffered[0]
    BUFG_PS_X0Y80        BUFG_PS (Prop_BUFG_PS_I_O)
                                                      0.023     0.187 r  BD_1_i/zynq_ultra_ps_e_0/inst/buffer_pl_clk_0.PL_CLK_0_BUFG/O
    X1Y1 (CLOCK_ROOT)    net (fo=29801, routed)       1.932     2.119    BD_1_i/ps8_0_axi_periph/s01_couplers/auto_ds/inst/gen_downsizer.gen_simple_downsizer.axi_downsizer_inst/USE_READ.read_addr_inst/cmd_queue/inst/fifo_gen_inst/inst_fifo_gen/gconvfifo.rf/grf.rf/rstblk/ngwrdrst.grst.g7serrst.gnsckt_wrst.rst_wr_reg2_inst/dest_clk
    SLICE_X6Y185         FDPE                                         r  BD_1_i/ps8_0_axi_periph/s01_couplers/auto_ds/inst/gen_downsizer.gen_simple_downsizer.axi_downsizer_inst/USE_READ.read_addr_inst/cmd_queue/inst/fifo_gen_inst/inst_fifo_gen/gconvfifo.rf/grf.rf/rstblk/ngwrdrst.grst.g7serrst.gnsckt_wrst.rst_wr_reg2_inst/arststages_ff_reg[0]/C

Slack:                    inf
  Source:                 BD_1_i/rst_ps8_0_99M/U0/ACTIVE_LOW_PR_OUT_DFF[0].FDRE_PER_N/C
                            (rising edge-triggered cell FDRE clocked by clk_pl_0  {rise@0.000ns fall@5.000ns period=10.000ns})
  Destination:            BD_1_i/ps8_0_axi_periph/s01_couplers/auto_ds/inst/gen_downsizer.gen_simple_downsizer.axi_downsizer_inst/USE_READ.read_addr_inst/cmd_queue/inst/fifo_gen_inst/inst_fifo_gen/gconvfifo.rf/grf.rf/rstblk/ngwrdrst.grst.g7serrst.gnsckt_wrst.rst_wr_reg2_inst/arststages_ff_reg[1]/PRE
                            (removal check against rising-edge clock clk_pl_0  {rise@0.000ns fall@5.000ns period=10.000ns})
  Path Group:             (none)
  Path Type:              Removal (Min at Fast Process Corner)
  Data Path Delay:        0.294ns  (logic 0.084ns (28.529%)  route 0.210ns (71.471%))
  Logic Levels:           0  
  Clock Path Skew:        0.202ns (DCD - SCD - CPR)
    Destination Clock Delay (DCD):    2.119ns
    Source Clock Delay      (SCD):    1.917ns
    Clock Pessimism Removal (CPR):    -0.000ns
  Clock Uncertainty:      0.160ns  ((TSJ^2 + DJ^2)^1/2) / 2 + PE
    Total System Jitter     (TSJ):    0.071ns
    Discrete Jitter          (DJ):    0.312ns
    Phase Error              (PE):    0.000ns
  Clock Net Delay (Source):      1.766ns (routing 0.886ns, distribution 0.880ns)
  Clock Net Delay (Destination): 1.932ns (routing 0.971ns, distribution 0.961ns)
  Timing Exception:       False Path

    Location             Delay type                Incr(ns)  Path(ns)    Netlist Resource(s)
  -------------------------------------------------------------------    -------------------
                         (clock clk_pl_0 rise edge)
                                                      0.000     0.000 r  
    PS8_X0Y0             PS8                          0.000     0.000 r  BD_1_i/zynq_ultra_ps_e_0/inst/PS8_i/PLCLK[0]
                         net (fo=1, routed)           0.129     0.129    BD_1_i/zynq_ultra_ps_e_0/inst/pl_clk_unbuffered[0]
    BUFG_PS_X0Y80        BUFG_PS (Prop_BUFG_PS_I_O)
                                                      0.022     0.151 r  BD_1_i/zynq_ultra_ps_e_0/inst/buffer_pl_clk_0.PL_CLK_0_BUFG/O
    X1Y1 (CLOCK_ROOT)    net (fo=29801, routed)       1.766     1.917    BD_1_i/rst_ps8_0_99M/U0/slowest_sync_clk
    SLICE_X0Y197         FDRE                                         r  BD_1_i/rst_ps8_0_99M/U0/ACTIVE_LOW_PR_OUT_DFF[0].FDRE_PER_N/C
  -------------------------------------------------------------------    -------------------
    SLICE_X0Y197         FDRE (Prop_EFF_SLICEL_C_Q)
                                                      0.084     2.001 r  BD_1_i/rst_ps8_0_99M/U0/ACTIVE_LOW_PR_OUT_DFF[0].FDRE_PER_N/Q
                         net (fo=812, routed)         0.210     2.211    BD_1_i/ps8_0_axi_periph/s01_couplers/auto_ds/inst/gen_downsizer.gen_simple_downsizer.axi_downsizer_inst/USE_READ.read_addr_inst/cmd_queue/inst/fifo_gen_inst/inst_fifo_gen/gconvfifo.rf/grf.rf/rstblk/ngwrdrst.grst.g7serrst.gnsckt_wrst.rst_wr_reg2_inst/src_arst
    SLICE_X6Y185         FDPE                                         f  BD_1_i/ps8_0_axi_periph/s01_couplers/auto_ds/inst/gen_downsizer.gen_simple_downsizer.axi_downsizer_inst/USE_READ.read_addr_inst/cmd_queue/inst/fifo_gen_inst/inst_fifo_gen/gconvfifo.rf/grf.rf/rstblk/ngwrdrst.grst.g7serrst.gnsckt_wrst.rst_wr_reg2_inst/arststages_ff_reg[1]/PRE  (IS_INVERTED)
  -------------------------------------------------------------------    -------------------

                         (clock clk_pl_0 rise edge)
                                                      0.000     0.000 r  
    PS8_X0Y0             PS8                          0.000     0.000 r  BD_1_i/zynq_ultra_ps_e_0/inst/PS8_i/PLCLK[0]
                         net (fo=1, routed)           0.164     0.164    BD_1_i/zynq_ultra_ps_e_0/inst/pl_clk_unbuffered[0]
    BUFG_PS_X0Y80        BUFG_PS (Prop_BUFG_PS_I_O)
                                                      0.023     0.187 r  BD_1_i/zynq_ultra_ps_e_0/inst/buffer_pl_clk_0.PL_CLK_0_BUFG/O
    X1Y1 (CLOCK_ROOT)    net (fo=29801, routed)       1.932     2.119    BD_1_i/ps8_0_axi_periph/s01_couplers/auto_ds/inst/gen_downsizer.gen_simple_downsizer.axi_downsizer_inst/USE_READ.read_addr_inst/cmd_queue/inst/fifo_gen_inst/inst_fifo_gen/gconvfifo.rf/grf.rf/rstblk/ngwrdrst.grst.g7serrst.gnsckt_wrst.rst_wr_reg2_inst/dest_clk
    SLICE_X6Y185         FDPE                                         r  BD_1_i/ps8_0_axi_periph/s01_couplers/auto_ds/inst/gen_downsizer.gen_simple_downsizer.axi_downsizer_inst/USE_READ.read_addr_inst/cmd_queue/inst/fifo_gen_inst/inst_fifo_gen/gconvfifo.rf/grf.rf/rstblk/ngwrdrst.grst.g7serrst.gnsckt_wrst.rst_wr_reg2_inst/arststages_ff_reg[1]/C

Slack:                    inf
  Source:                 BD_1_i/rst_ps8_0_99M/U0/ACTIVE_LOW_PR_OUT_DFF[0].FDRE_PER_N/C
                            (rising edge-triggered cell FDRE clocked by clk_pl_0  {rise@0.000ns fall@5.000ns period=10.000ns})
  Destination:            BD_1_i/ps8_0_axi_periph/s01_couplers/auto_ds/inst/gen_downsizer.gen_simple_downsizer.axi_downsizer_inst/USE_WRITE.write_addr_inst/USE_B_CHANNEL.cmd_b_queue/inst/fifo_gen_inst/inst_fifo_gen/gconvfifo.rf/grf.rf/rstblk/ngwrdrst.grst.g7serrst.gnsckt_wrst.rst_wr_reg2_inst/arststages_ff_reg[0]/PRE
                            (removal check against rising-edge clock clk_pl_0  {rise@0.000ns fall@5.000ns period=10.000ns})
  Path Group:             (none)
  Path Type:              Removal (Min at Fast Process Corner)
  Data Path Delay:        0.491ns  (logic 0.084ns (17.100%)  route 0.407ns (82.900%))
  Logic Levels:           0  
  Clock Path Skew:        0.199ns (DCD - SCD - CPR)
    Destination Clock Delay (DCD):    2.115ns
    Source Clock Delay      (SCD):    1.917ns
    Clock Pessimism Removal (CPR):    -0.000ns
  Clock Uncertainty:      0.160ns  ((TSJ^2 + DJ^2)^1/2) / 2 + PE
    Total System Jitter     (TSJ):    0.071ns
    Discrete Jitter          (DJ):    0.312ns
    Phase Error              (PE):    0.000ns
  Clock Net Delay (Source):      1.766ns (routing 0.886ns, distribution 0.880ns)
  Clock Net Delay (Destination): 1.928ns (routing 0.971ns, distribution 0.957ns)
  Timing Exception:       False Path

    Location             Delay type                Incr(ns)  Path(ns)    Netlist Resource(s)
  -------------------------------------------------------------------    -------------------
                         (clock clk_pl_0 rise edge)
                                                      0.000     0.000 r  
    PS8_X0Y0             PS8                          0.000     0.000 r  BD_1_i/zynq_ultra_ps_e_0/inst/PS8_i/PLCLK[0]
                         net (fo=1, routed)           0.129     0.129    BD_1_i/zynq_ultra_ps_e_0/inst/pl_clk_unbuffered[0]
    BUFG_PS_X0Y80        BUFG_PS (Prop_BUFG_PS_I_O)
                                                      0.022     0.151 r  BD_1_i/zynq_ultra_ps_e_0/inst/buffer_pl_clk_0.PL_CLK_0_BUFG/O
    X1Y1 (CLOCK_ROOT)    net (fo=29801, routed)       1.766     1.917    BD_1_i/rst_ps8_0_99M/U0/slowest_sync_clk
    SLICE_X0Y197         FDRE                                         r  BD_1_i/rst_ps8_0_99M/U0/ACTIVE_LOW_PR_OUT_DFF[0].FDRE_PER_N/C
  -------------------------------------------------------------------    -------------------
    SLICE_X0Y197         FDRE (Prop_EFF_SLICEL_C_Q)
                                                      0.084     2.001 r  BD_1_i/rst_ps8_0_99M/U0/ACTIVE_LOW_PR_OUT_DFF[0].FDRE_PER_N/Q
                         net (fo=812, routed)         0.407     2.408    BD_1_i/ps8_0_axi_periph/s01_couplers/auto_ds/inst/gen_downsizer.gen_simple_downsizer.axi_downsizer_inst/USE_WRITE.write_addr_inst/USE_B_CHANNEL.cmd_b_queue/inst/fifo_gen_inst/inst_fifo_gen/gconvfifo.rf/grf.rf/rstblk/ngwrdrst.grst.g7serrst.gnsckt_wrst.rst_wr_reg2_inst/src_arst
    SLICE_X8Y186         FDPE                                         f  BD_1_i/ps8_0_axi_periph/s01_couplers/auto_ds/inst/gen_downsizer.gen_simple_downsizer.axi_downsizer_inst/USE_WRITE.write_addr_inst/USE_B_CHANNEL.cmd_b_queue/inst/fifo_gen_inst/inst_fifo_gen/gconvfifo.rf/grf.rf/rstblk/ngwrdrst.grst.g7serrst.gnsckt_wrst.rst_wr_reg2_inst/arststages_ff_reg[0]/PRE  (IS_INVERTED)
  -------------------------------------------------------------------    -------------------

                         (clock clk_pl_0 rise edge)
                                                      0.000     0.000 r  
    PS8_X0Y0             PS8                          0.000     0.000 r  BD_1_i/zynq_ultra_ps_e_0/inst/PS8_i/PLCLK[0]
                         net (fo=1, routed)           0.164     0.164    BD_1_i/zynq_ultra_ps_e_0/inst/pl_clk_unbuffered[0]
    BUFG_PS_X0Y80        BUFG_PS (Prop_BUFG_PS_I_O)
                                                      0.023     0.187 r  BD_1_i/zynq_ultra_ps_e_0/inst/buffer_pl_clk_0.PL_CLK_0_BUFG/O
    X1Y1 (CLOCK_ROOT)    net (fo=29801, routed)       1.928     2.115    BD_1_i/ps8_0_axi_periph/s01_couplers/auto_ds/inst/gen_downsizer.gen_simple_downsizer.axi_downsizer_inst/USE_WRITE.write_addr_inst/USE_B_CHANNEL.cmd_b_queue/inst/fifo_gen_inst/inst_fifo_gen/gconvfifo.rf/grf.rf/rstblk/ngwrdrst.grst.g7serrst.gnsckt_wrst.rst_wr_reg2_inst/dest_clk
    SLICE_X8Y186         FDPE                                         r  BD_1_i/ps8_0_axi_periph/s01_couplers/auto_ds/inst/gen_downsizer.gen_simple_downsizer.axi_downsizer_inst/USE_WRITE.write_addr_inst/USE_B_CHANNEL.cmd_b_queue/inst/fifo_gen_inst/inst_fifo_gen/gconvfifo.rf/grf.rf/rstblk/ngwrdrst.grst.g7serrst.gnsckt_wrst.rst_wr_reg2_inst/arststages_ff_reg[0]/C

Slack:                    inf
  Source:                 BD_1_i/rst_ps8_0_99M/U0/ACTIVE_LOW_PR_OUT_DFF[0].FDRE_PER_N/C
                            (rising edge-triggered cell FDRE clocked by clk_pl_0  {rise@0.000ns fall@5.000ns period=10.000ns})
  Destination:            BD_1_i/ps8_0_axi_periph/s01_couplers/auto_ds/inst/gen_downsizer.gen_simple_downsizer.axi_downsizer_inst/USE_WRITE.write_addr_inst/USE_B_CHANNEL.cmd_b_queue/inst/fifo_gen_inst/inst_fifo_gen/gconvfifo.rf/grf.rf/rstblk/ngwrdrst.grst.g7serrst.gnsckt_wrst.rst_wr_reg2_inst/arststages_ff_reg[1]/PRE
                            (removal check against rising-edge clock clk_pl_0  {rise@0.000ns fall@5.000ns period=10.000ns})
  Path Group:             (none)
  Path Type:              Removal (Min at Fast Process Corner)
  Data Path Delay:        0.491ns  (logic 0.084ns (17.100%)  route 0.407ns (82.900%))
  Logic Levels:           0  
  Clock Path Skew:        0.199ns (DCD - SCD - CPR)
    Destination Clock Delay (DCD):    2.115ns
    Source Clock Delay      (SCD):    1.917ns
    Clock Pessimism Removal (CPR):    -0.000ns
  Clock Uncertainty:      0.160ns  ((TSJ^2 + DJ^2)^1/2) / 2 + PE
    Total System Jitter     (TSJ):    0.071ns
    Discrete Jitter          (DJ):    0.312ns
    Phase Error              (PE):    0.000ns
  Clock Net Delay (Source):      1.766ns (routing 0.886ns, distribution 0.880ns)
  Clock Net Delay (Destination): 1.928ns (routing 0.971ns, distribution 0.957ns)
  Timing Exception:       False Path

    Location             Delay type                Incr(ns)  Path(ns)    Netlist Resource(s)
  -------------------------------------------------------------------    -------------------
                         (clock clk_pl_0 rise edge)
                                                      0.000     0.000 r  
    PS8_X0Y0             PS8                          0.000     0.000 r  BD_1_i/zynq_ultra_ps_e_0/inst/PS8_i/PLCLK[0]
                         net (fo=1, routed)           0.129     0.129    BD_1_i/zynq_ultra_ps_e_0/inst/pl_clk_unbuffered[0]
    BUFG_PS_X0Y80        BUFG_PS (Prop_BUFG_PS_I_O)
                                                      0.022     0.151 r  BD_1_i/zynq_ultra_ps_e_0/inst/buffer_pl_clk_0.PL_CLK_0_BUFG/O
    X1Y1 (CLOCK_ROOT)    net (fo=29801, routed)       1.766     1.917    BD_1_i/rst_ps8_0_99M/U0/slowest_sync_clk
    SLICE_X0Y197         FDRE                                         r  BD_1_i/rst_ps8_0_99M/U0/ACTIVE_LOW_PR_OUT_DFF[0].FDRE_PER_N/C
  -------------------------------------------------------------------    -------------------
    SLICE_X0Y197         FDRE (Prop_EFF_SLICEL_C_Q)
                                                      0.084     2.001 r  BD_1_i/rst_ps8_0_99M/U0/ACTIVE_LOW_PR_OUT_DFF[0].FDRE_PER_N/Q
                         net (fo=812, routed)         0.407     2.408    BD_1_i/ps8_0_axi_periph/s01_couplers/auto_ds/inst/gen_downsizer.gen_simple_downsizer.axi_downsizer_inst/USE_WRITE.write_addr_inst/USE_B_CHANNEL.cmd_b_queue/inst/fifo_gen_inst/inst_fifo_gen/gconvfifo.rf/grf.rf/rstblk/ngwrdrst.grst.g7serrst.gnsckt_wrst.rst_wr_reg2_inst/src_arst
    SLICE_X8Y186         FDPE                                         f  BD_1_i/ps8_0_axi_periph/s01_couplers/auto_ds/inst/gen_downsizer.gen_simple_downsizer.axi_downsizer_inst/USE_WRITE.write_addr_inst/USE_B_CHANNEL.cmd_b_queue/inst/fifo_gen_inst/inst_fifo_gen/gconvfifo.rf/grf.rf/rstblk/ngwrdrst.grst.g7serrst.gnsckt_wrst.rst_wr_reg2_inst/arststages_ff_reg[1]/PRE  (IS_INVERTED)
  -------------------------------------------------------------------    -------------------

                         (clock clk_pl_0 rise edge)
                                                      0.000     0.000 r  
    PS8_X0Y0             PS8                          0.000     0.000 r  BD_1_i/zynq_ultra_ps_e_0/inst/PS8_i/PLCLK[0]
                         net (fo=1, routed)           0.164     0.164    BD_1_i/zynq_ultra_ps_e_0/inst/pl_clk_unbuffered[0]
    BUFG_PS_X0Y80        BUFG_PS (Prop_BUFG_PS_I_O)
                                                      0.023     0.187 r  BD_1_i/zynq_ultra_ps_e_0/inst/buffer_pl_clk_0.PL_CLK_0_BUFG/O
    X1Y1 (CLOCK_ROOT)    net (fo=29801, routed)       1.928     2.115    BD_1_i/ps8_0_axi_periph/s01_couplers/auto_ds/inst/gen_downsizer.gen_simple_downsizer.axi_downsizer_inst/USE_WRITE.write_addr_inst/USE_B_CHANNEL.cmd_b_queue/inst/fifo_gen_inst/inst_fifo_gen/gconvfifo.rf/grf.rf/rstblk/ngwrdrst.grst.g7serrst.gnsckt_wrst.rst_wr_reg2_inst/dest_clk
    SLICE_X8Y186         FDPE                                         r  BD_1_i/ps8_0_axi_periph/s01_couplers/auto_ds/inst/gen_downsizer.gen_simple_downsizer.axi_downsizer_inst/USE_WRITE.write_addr_inst/USE_B_CHANNEL.cmd_b_queue/inst/fifo_gen_inst/inst_fifo_gen/gconvfifo.rf/grf.rf/rstblk/ngwrdrst.grst.g7serrst.gnsckt_wrst.rst_wr_reg2_inst/arststages_ff_reg[1]/C

Slack:                    inf
  Source:                 BD_1_i/rst_ps8_0_99M/U0/ACTIVE_LOW_PR_OUT_DFF[0].FDRE_PER_N/C
                            (rising edge-triggered cell FDRE clocked by clk_pl_0  {rise@0.000ns fall@5.000ns period=10.000ns})
  Destination:            BD_1_i/ps8_0_axi_periph/s01_couplers/auto_ds/inst/gen_downsizer.gen_simple_downsizer.axi_downsizer_inst/USE_WRITE.write_addr_inst/cmd_queue/inst/fifo_gen_inst/inst_fifo_gen/gconvfifo.rf/grf.rf/rstblk/ngwrdrst.grst.g7serrst.gnsckt_wrst.rst_wr_reg2_inst/arststages_ff_reg[0]/PRE
                            (removal check against rising-edge clock clk_pl_0  {rise@0.000ns fall@5.000ns period=10.000ns})
  Path Group:             (none)
  Path Type:              Removal (Min at Fast Process Corner)
  Data Path Delay:        0.666ns  (logic 0.084ns (12.616%)  route 0.582ns (87.384%))
  Logic Levels:           0  
  Clock Path Skew:        0.157ns (DCD - SCD - CPR)
    Destination Clock Delay (DCD):    2.073ns
    Source Clock Delay      (SCD):    1.917ns
    Clock Pessimism Removal (CPR):    -0.000ns
  Clock Uncertainty:      0.160ns  ((TSJ^2 + DJ^2)^1/2) / 2 + PE
    Total System Jitter     (TSJ):    0.071ns
    Discrete Jitter          (DJ):    0.312ns
    Phase Error              (PE):    0.000ns
  Clock Net Delay (Source):      1.766ns (routing 0.886ns, distribution 0.880ns)
  Clock Net Delay (Destination): 1.886ns (routing 0.971ns, distribution 0.915ns)
  Timing Exception:       False Path

    Location             Delay type                Incr(ns)  Path(ns)    Netlist Resource(s)
  -------------------------------------------------------------------    -------------------
                         (clock clk_pl_0 rise edge)
                                                      0.000     0.000 r  
    PS8_X0Y0             PS8                          0.000     0.000 r  BD_1_i/zynq_ultra_ps_e_0/inst/PS8_i/PLCLK[0]
                         net (fo=1, routed)           0.129     0.129    BD_1_i/zynq_ultra_ps_e_0/inst/pl_clk_unbuffered[0]
    BUFG_PS_X0Y80        BUFG_PS (Prop_BUFG_PS_I_O)
                                                      0.022     0.151 r  BD_1_i/zynq_ultra_ps_e_0/inst/buffer_pl_clk_0.PL_CLK_0_BUFG/O
    X1Y1 (CLOCK_ROOT)    net (fo=29801, routed)       1.766     1.917    BD_1_i/rst_ps8_0_99M/U0/slowest_sync_clk
    SLICE_X0Y197         FDRE                                         r  BD_1_i/rst_ps8_0_99M/U0/ACTIVE_LOW_PR_OUT_DFF[0].FDRE_PER_N/C
  -------------------------------------------------------------------    -------------------
    SLICE_X0Y197         FDRE (Prop_EFF_SLICEL_C_Q)
                                                      0.084     2.001 r  BD_1_i/rst_ps8_0_99M/U0/ACTIVE_LOW_PR_OUT_DFF[0].FDRE_PER_N/Q
                         net (fo=812, routed)         0.582     2.582    BD_1_i/ps8_0_axi_periph/s01_couplers/auto_ds/inst/gen_downsizer.gen_simple_downsizer.axi_downsizer_inst/USE_WRITE.write_addr_inst/cmd_queue/inst/fifo_gen_inst/inst_fifo_gen/gconvfifo.rf/grf.rf/rstblk/ngwrdrst.grst.g7serrst.gnsckt_wrst.rst_wr_reg2_inst/src_arst
    SLICE_X11Y153        FDPE                                         f  BD_1_i/ps8_0_axi_periph/s01_couplers/auto_ds/inst/gen_downsizer.gen_simple_downsizer.axi_downsizer_inst/USE_WRITE.write_addr_inst/cmd_queue/inst/fifo_gen_inst/inst_fifo_gen/gconvfifo.rf/grf.rf/rstblk/ngwrdrst.grst.g7serrst.gnsckt_wrst.rst_wr_reg2_inst/arststages_ff_reg[0]/PRE  (IS_INVERTED)
  -------------------------------------------------------------------    -------------------

                         (clock clk_pl_0 rise edge)
                                                      0.000     0.000 r  
    PS8_X0Y0             PS8                          0.000     0.000 r  BD_1_i/zynq_ultra_ps_e_0/inst/PS8_i/PLCLK[0]
                         net (fo=1, routed)           0.164     0.164    BD_1_i/zynq_ultra_ps_e_0/inst/pl_clk_unbuffered[0]
    BUFG_PS_X0Y80        BUFG_PS (Prop_BUFG_PS_I_O)
                                                      0.023     0.187 r  BD_1_i/zynq_ultra_ps_e_0/inst/buffer_pl_clk_0.PL_CLK_0_BUFG/O
    X1Y1 (CLOCK_ROOT)    net (fo=29801, routed)       1.886     2.073    BD_1_i/ps8_0_axi_periph/s01_couplers/auto_ds/inst/gen_downsizer.gen_simple_downsizer.axi_downsizer_inst/USE_WRITE.write_addr_inst/cmd_queue/inst/fifo_gen_inst/inst_fifo_gen/gconvfifo.rf/grf.rf/rstblk/ngwrdrst.grst.g7serrst.gnsckt_wrst.rst_wr_reg2_inst/dest_clk
    SLICE_X11Y153        FDPE                                         r  BD_1_i/ps8_0_axi_periph/s01_couplers/auto_ds/inst/gen_downsizer.gen_simple_downsizer.axi_downsizer_inst/USE_WRITE.write_addr_inst/cmd_queue/inst/fifo_gen_inst/inst_fifo_gen/gconvfifo.rf/grf.rf/rstblk/ngwrdrst.grst.g7serrst.gnsckt_wrst.rst_wr_reg2_inst/arststages_ff_reg[0]/C

Slack:                    inf
  Source:                 BD_1_i/rst_ps8_0_99M/U0/ACTIVE_LOW_PR_OUT_DFF[0].FDRE_PER_N/C
                            (rising edge-triggered cell FDRE clocked by clk_pl_0  {rise@0.000ns fall@5.000ns period=10.000ns})
  Destination:            BD_1_i/ps8_0_axi_periph/s01_couplers/auto_ds/inst/gen_downsizer.gen_simple_downsizer.axi_downsizer_inst/USE_WRITE.write_addr_inst/cmd_queue/inst/fifo_gen_inst/inst_fifo_gen/gconvfifo.rf/grf.rf/rstblk/ngwrdrst.grst.g7serrst.gnsckt_wrst.rst_wr_reg2_inst/arststages_ff_reg[1]/PRE
                            (removal check against rising-edge clock clk_pl_0  {rise@0.000ns fall@5.000ns period=10.000ns})
  Path Group:             (none)
  Path Type:              Removal (Min at Fast Process Corner)
  Data Path Delay:        0.666ns  (logic 0.084ns (12.616%)  route 0.582ns (87.384%))
  Logic Levels:           0  
  Clock Path Skew:        0.157ns (DCD - SCD - CPR)
    Destination Clock Delay (DCD):    2.073ns
    Source Clock Delay      (SCD):    1.917ns
    Clock Pessimism Removal (CPR):    -0.000ns
  Clock Uncertainty:      0.160ns  ((TSJ^2 + DJ^2)^1/2) / 2 + PE
    Total System Jitter     (TSJ):    0.071ns
    Discrete Jitter          (DJ):    0.312ns
    Phase Error              (PE):    0.000ns
  Clock Net Delay (Source):      1.766ns (routing 0.886ns, distribution 0.880ns)
  Clock Net Delay (Destination): 1.886ns (routing 0.971ns, distribution 0.915ns)
  Timing Exception:       False Path

    Location             Delay type                Incr(ns)  Path(ns)    Netlist Resource(s)
  -------------------------------------------------------------------    -------------------
                         (clock clk_pl_0 rise edge)
                                                      0.000     0.000 r  
    PS8_X0Y0             PS8                          0.000     0.000 r  BD_1_i/zynq_ultra_ps_e_0/inst/PS8_i/PLCLK[0]
                         net (fo=1, routed)           0.129     0.129    BD_1_i/zynq_ultra_ps_e_0/inst/pl_clk_unbuffered[0]
    BUFG_PS_X0Y80        BUFG_PS (Prop_BUFG_PS_I_O)
                                                      0.022     0.151 r  BD_1_i/zynq_ultra_ps_e_0/inst/buffer_pl_clk_0.PL_CLK_0_BUFG/O
    X1Y1 (CLOCK_ROOT)    net (fo=29801, routed)       1.766     1.917    BD_1_i/rst_ps8_0_99M/U0/slowest_sync_clk
    SLICE_X0Y197         FDRE                                         r  BD_1_i/rst_ps8_0_99M/U0/ACTIVE_LOW_PR_OUT_DFF[0].FDRE_PER_N/C
  -------------------------------------------------------------------    -------------------
    SLICE_X0Y197         FDRE (Prop_EFF_SLICEL_C_Q)
                                                      0.084     2.001 r  BD_1_i/rst_ps8_0_99M/U0/ACTIVE_LOW_PR_OUT_DFF[0].FDRE_PER_N/Q
                         net (fo=812, routed)         0.582     2.582    BD_1_i/ps8_0_axi_periph/s01_couplers/auto_ds/inst/gen_downsizer.gen_simple_downsizer.axi_downsizer_inst/USE_WRITE.write_addr_inst/cmd_queue/inst/fifo_gen_inst/inst_fifo_gen/gconvfifo.rf/grf.rf/rstblk/ngwrdrst.grst.g7serrst.gnsckt_wrst.rst_wr_reg2_inst/src_arst
    SLICE_X11Y153        FDPE                                         f  BD_1_i/ps8_0_axi_periph/s01_couplers/auto_ds/inst/gen_downsizer.gen_simple_downsizer.axi_downsizer_inst/USE_WRITE.write_addr_inst/cmd_queue/inst/fifo_gen_inst/inst_fifo_gen/gconvfifo.rf/grf.rf/rstblk/ngwrdrst.grst.g7serrst.gnsckt_wrst.rst_wr_reg2_inst/arststages_ff_reg[1]/PRE  (IS_INVERTED)
  -------------------------------------------------------------------    -------------------

                         (clock clk_pl_0 rise edge)
                                                      0.000     0.000 r  
    PS8_X0Y0             PS8                          0.000     0.000 r  BD_1_i/zynq_ultra_ps_e_0/inst/PS8_i/PLCLK[0]
                         net (fo=1, routed)           0.164     0.164    BD_1_i/zynq_ultra_ps_e_0/inst/pl_clk_unbuffered[0]
    BUFG_PS_X0Y80        BUFG_PS (Prop_BUFG_PS_I_O)
                                                      0.023     0.187 r  BD_1_i/zynq_ultra_ps_e_0/inst/buffer_pl_clk_0.PL_CLK_0_BUFG/O
    X1Y1 (CLOCK_ROOT)    net (fo=29801, routed)       1.886     2.073    BD_1_i/ps8_0_axi_periph/s01_couplers/auto_ds/inst/gen_downsizer.gen_simple_downsizer.axi_downsizer_inst/USE_WRITE.write_addr_inst/cmd_queue/inst/fifo_gen_inst/inst_fifo_gen/gconvfifo.rf/grf.rf/rstblk/ngwrdrst.grst.g7serrst.gnsckt_wrst.rst_wr_reg2_inst/dest_clk
    SLICE_X11Y153        FDPE                                         r  BD_1_i/ps8_0_axi_periph/s01_couplers/auto_ds/inst/gen_downsizer.gen_simple_downsizer.axi_downsizer_inst/USE_WRITE.write_addr_inst/cmd_queue/inst/fifo_gen_inst/inst_fifo_gen/gconvfifo.rf/grf.rf/rstblk/ngwrdrst.grst.g7serrst.gnsckt_wrst.rst_wr_reg2_inst/arststages_ff_reg[1]/C

Slack:                    inf
  Source:                 BD_1_i/rst_ps8_0_99M/U0/ACTIVE_LOW_PR_OUT_DFF[0].FDRE_PER_N/C
                            (rising edge-triggered cell FDRE clocked by clk_pl_0  {rise@0.000ns fall@5.000ns period=10.000ns})
  Destination:            BD_1_i/ps8_0_axi_periph/s00_couplers/auto_ds/inst/gen_downsizer.gen_simple_downsizer.axi_downsizer_inst/USE_READ.read_addr_inst/cmd_queue/inst/fifo_gen_inst/inst_fifo_gen/gconvfifo.rf/grf.rf/rstblk/ngwrdrst.grst.g7serrst.gnsckt_wrst.rst_wr_reg2_inst/arststages_ff_reg[0]/PRE
                            (removal check against rising-edge clock clk_pl_0  {rise@0.000ns fall@5.000ns period=10.000ns})
  Path Group:             (none)
  Path Type:              Removal (Min at Fast Process Corner)
  Data Path Delay:        0.674ns  (logic 0.084ns (12.459%)  route 0.590ns (87.541%))
  Logic Levels:           0  
  Clock Path Skew:        0.146ns (DCD - SCD - CPR)
    Destination Clock Delay (DCD):    2.062ns
    Source Clock Delay      (SCD):    1.917ns
    Clock Pessimism Removal (CPR):    -0.000ns
  Clock Uncertainty:      0.160ns  ((TSJ^2 + DJ^2)^1/2) / 2 + PE
    Total System Jitter     (TSJ):    0.071ns
    Discrete Jitter          (DJ):    0.312ns
    Phase Error              (PE):    0.000ns
  Clock Net Delay (Source):      1.766ns (routing 0.886ns, distribution 0.880ns)
  Clock Net Delay (Destination): 1.875ns (routing 0.971ns, distribution 0.904ns)
  Timing Exception:       False Path

    Location             Delay type                Incr(ns)  Path(ns)    Netlist Resource(s)
  -------------------------------------------------------------------    -------------------
                         (clock clk_pl_0 rise edge)
                                                      0.000     0.000 r  
    PS8_X0Y0             PS8                          0.000     0.000 r  BD_1_i/zynq_ultra_ps_e_0/inst/PS8_i/PLCLK[0]
                         net (fo=1, routed)           0.129     0.129    BD_1_i/zynq_ultra_ps_e_0/inst/pl_clk_unbuffered[0]
    BUFG_PS_X0Y80        BUFG_PS (Prop_BUFG_PS_I_O)
                                                      0.022     0.151 r  BD_1_i/zynq_ultra_ps_e_0/inst/buffer_pl_clk_0.PL_CLK_0_BUFG/O
    X1Y1 (CLOCK_ROOT)    net (fo=29801, routed)       1.766     1.917    BD_1_i/rst_ps8_0_99M/U0/slowest_sync_clk
    SLICE_X0Y197         FDRE                                         r  BD_1_i/rst_ps8_0_99M/U0/ACTIVE_LOW_PR_OUT_DFF[0].FDRE_PER_N/C
  -------------------------------------------------------------------    -------------------
    SLICE_X0Y197         FDRE (Prop_EFF_SLICEL_C_Q)
                                                      0.084     2.001 r  BD_1_i/rst_ps8_0_99M/U0/ACTIVE_LOW_PR_OUT_DFF[0].FDRE_PER_N/Q
                         net (fo=812, routed)         0.590     2.591    BD_1_i/ps8_0_axi_periph/s00_couplers/auto_ds/inst/gen_downsizer.gen_simple_downsizer.axi_downsizer_inst/USE_READ.read_addr_inst/cmd_queue/inst/fifo_gen_inst/inst_fifo_gen/gconvfifo.rf/grf.rf/rstblk/ngwrdrst.grst.g7serrst.gnsckt_wrst.rst_wr_reg2_inst/src_arst
    SLICE_X10Y106        FDPE                                         f  BD_1_i/ps8_0_axi_periph/s00_couplers/auto_ds/inst/gen_downsizer.gen_simple_downsizer.axi_downsizer_inst/USE_READ.read_addr_inst/cmd_queue/inst/fifo_gen_inst/inst_fifo_gen/gconvfifo.rf/grf.rf/rstblk/ngwrdrst.grst.g7serrst.gnsckt_wrst.rst_wr_reg2_inst/arststages_ff_reg[0]/PRE  (IS_INVERTED)
  -------------------------------------------------------------------    -------------------

                         (clock clk_pl_0 rise edge)
                                                      0.000     0.000 r  
    PS8_X0Y0             PS8                          0.000     0.000 r  BD_1_i/zynq_ultra_ps_e_0/inst/PS8_i/PLCLK[0]
                         net (fo=1, routed)           0.164     0.164    BD_1_i/zynq_ultra_ps_e_0/inst/pl_clk_unbuffered[0]
    BUFG_PS_X0Y80        BUFG_PS (Prop_BUFG_PS_I_O)
                                                      0.023     0.187 r  BD_1_i/zynq_ultra_ps_e_0/inst/buffer_pl_clk_0.PL_CLK_0_BUFG/O
    X1Y1 (CLOCK_ROOT)    net (fo=29801, routed)       1.875     2.062    BD_1_i/ps8_0_axi_periph/s00_couplers/auto_ds/inst/gen_downsizer.gen_simple_downsizer.axi_downsizer_inst/USE_READ.read_addr_inst/cmd_queue/inst/fifo_gen_inst/inst_fifo_gen/gconvfifo.rf/grf.rf/rstblk/ngwrdrst.grst.g7serrst.gnsckt_wrst.rst_wr_reg2_inst/dest_clk
    SLICE_X10Y106        FDPE                                         r  BD_1_i/ps8_0_axi_periph/s00_couplers/auto_ds/inst/gen_downsizer.gen_simple_downsizer.axi_downsizer_inst/USE_READ.read_addr_inst/cmd_queue/inst/fifo_gen_inst/inst_fifo_gen/gconvfifo.rf/grf.rf/rstblk/ngwrdrst.grst.g7serrst.gnsckt_wrst.rst_wr_reg2_inst/arststages_ff_reg[0]/C

Slack:                    inf
  Source:                 BD_1_i/rst_ps8_0_99M/U0/ACTIVE_LOW_PR_OUT_DFF[0].FDRE_PER_N/C
                            (rising edge-triggered cell FDRE clocked by clk_pl_0  {rise@0.000ns fall@5.000ns period=10.000ns})
  Destination:            BD_1_i/ps8_0_axi_periph/s00_couplers/auto_ds/inst/gen_downsizer.gen_simple_downsizer.axi_downsizer_inst/USE_READ.read_addr_inst/cmd_queue/inst/fifo_gen_inst/inst_fifo_gen/gconvfifo.rf/grf.rf/rstblk/ngwrdrst.grst.g7serrst.gnsckt_wrst.rst_wr_reg2_inst/arststages_ff_reg[1]/PRE
                            (removal check against rising-edge clock clk_pl_0  {rise@0.000ns fall@5.000ns period=10.000ns})
  Path Group:             (none)
  Path Type:              Removal (Min at Fast Process Corner)
  Data Path Delay:        0.674ns  (logic 0.084ns (12.459%)  route 0.590ns (87.541%))
  Logic Levels:           0  
  Clock Path Skew:        0.146ns (DCD - SCD - CPR)
    Destination Clock Delay (DCD):    2.062ns
    Source Clock Delay      (SCD):    1.917ns
    Clock Pessimism Removal (CPR):    -0.000ns
  Clock Uncertainty:      0.160ns  ((TSJ^2 + DJ^2)^1/2) / 2 + PE
    Total System Jitter     (TSJ):    0.071ns
    Discrete Jitter          (DJ):    0.312ns
    Phase Error              (PE):    0.000ns
  Clock Net Delay (Source):      1.766ns (routing 0.886ns, distribution 0.880ns)
  Clock Net Delay (Destination): 1.875ns (routing 0.971ns, distribution 0.904ns)
  Timing Exception:       False Path

    Location             Delay type                Incr(ns)  Path(ns)    Netlist Resource(s)
  -------------------------------------------------------------------    -------------------
                         (clock clk_pl_0 rise edge)
                                                      0.000     0.000 r  
    PS8_X0Y0             PS8                          0.000     0.000 r  BD_1_i/zynq_ultra_ps_e_0/inst/PS8_i/PLCLK[0]
                         net (fo=1, routed)           0.129     0.129    BD_1_i/zynq_ultra_ps_e_0/inst/pl_clk_unbuffered[0]
    BUFG_PS_X0Y80        BUFG_PS (Prop_BUFG_PS_I_O)
                                                      0.022     0.151 r  BD_1_i/zynq_ultra_ps_e_0/inst/buffer_pl_clk_0.PL_CLK_0_BUFG/O
    X1Y1 (CLOCK_ROOT)    net (fo=29801, routed)       1.766     1.917    BD_1_i/rst_ps8_0_99M/U0/slowest_sync_clk
    SLICE_X0Y197         FDRE                                         r  BD_1_i/rst_ps8_0_99M/U0/ACTIVE_LOW_PR_OUT_DFF[0].FDRE_PER_N/C
  -------------------------------------------------------------------    -------------------
    SLICE_X0Y197         FDRE (Prop_EFF_SLICEL_C_Q)
                                                      0.084     2.001 r  BD_1_i/rst_ps8_0_99M/U0/ACTIVE_LOW_PR_OUT_DFF[0].FDRE_PER_N/Q
                         net (fo=812, routed)         0.590     2.591    BD_1_i/ps8_0_axi_periph/s00_couplers/auto_ds/inst/gen_downsizer.gen_simple_downsizer.axi_downsizer_inst/USE_READ.read_addr_inst/cmd_queue/inst/fifo_gen_inst/inst_fifo_gen/gconvfifo.rf/grf.rf/rstblk/ngwrdrst.grst.g7serrst.gnsckt_wrst.rst_wr_reg2_inst/src_arst
    SLICE_X10Y106        FDPE                                         f  BD_1_i/ps8_0_axi_periph/s00_couplers/auto_ds/inst/gen_downsizer.gen_simple_downsizer.axi_downsizer_inst/USE_READ.read_addr_inst/cmd_queue/inst/fifo_gen_inst/inst_fifo_gen/gconvfifo.rf/grf.rf/rstblk/ngwrdrst.grst.g7serrst.gnsckt_wrst.rst_wr_reg2_inst/arststages_ff_reg[1]/PRE  (IS_INVERTED)
  -------------------------------------------------------------------    -------------------

                         (clock clk_pl_0 rise edge)
                                                      0.000     0.000 r  
    PS8_X0Y0             PS8                          0.000     0.000 r  BD_1_i/zynq_ultra_ps_e_0/inst/PS8_i/PLCLK[0]
                         net (fo=1, routed)           0.164     0.164    BD_1_i/zynq_ultra_ps_e_0/inst/pl_clk_unbuffered[0]
    BUFG_PS_X0Y80        BUFG_PS (Prop_BUFG_PS_I_O)
                                                      0.023     0.187 r  BD_1_i/zynq_ultra_ps_e_0/inst/buffer_pl_clk_0.PL_CLK_0_BUFG/O
    X1Y1 (CLOCK_ROOT)    net (fo=29801, routed)       1.875     2.062    BD_1_i/ps8_0_axi_periph/s00_couplers/auto_ds/inst/gen_downsizer.gen_simple_downsizer.axi_downsizer_inst/USE_READ.read_addr_inst/cmd_queue/inst/fifo_gen_inst/inst_fifo_gen/gconvfifo.rf/grf.rf/rstblk/ngwrdrst.grst.g7serrst.gnsckt_wrst.rst_wr_reg2_inst/dest_clk
    SLICE_X10Y106        FDPE                                         r  BD_1_i/ps8_0_axi_periph/s00_couplers/auto_ds/inst/gen_downsizer.gen_simple_downsizer.axi_downsizer_inst/USE_READ.read_addr_inst/cmd_queue/inst/fifo_gen_inst/inst_fifo_gen/gconvfifo.rf/grf.rf/rstblk/ngwrdrst.grst.g7serrst.gnsckt_wrst.rst_wr_reg2_inst/arststages_ff_reg[1]/C

Slack:                    inf
  Source:                 BD_1_i/rst_ps8_0_99M/U0/ACTIVE_LOW_PR_OUT_DFF[0].FDRE_PER_N/C
                            (rising edge-triggered cell FDRE clocked by clk_pl_0  {rise@0.000ns fall@5.000ns period=10.000ns})
  Destination:            BD_1_i/ps8_0_axi_periph/s00_couplers/auto_ds/inst/gen_downsizer.gen_simple_downsizer.axi_downsizer_inst/USE_WRITE.write_addr_inst/cmd_queue/inst/fifo_gen_inst/inst_fifo_gen/gconvfifo.rf/grf.rf/rstblk/ngwrdrst.grst.g7serrst.gnsckt_wrst.rst_wr_reg2_inst/arststages_ff_reg[0]/PRE
                            (removal check against rising-edge clock clk_pl_0  {rise@0.000ns fall@5.000ns period=10.000ns})
  Path Group:             (none)
  Path Type:              Removal (Min at Fast Process Corner)
  Data Path Delay:        0.948ns  (logic 0.084ns (8.865%)  route 0.864ns (91.135%))
  Logic Levels:           0  
  Clock Path Skew:        0.161ns (DCD - SCD - CPR)
    Destination Clock Delay (DCD):    2.078ns
    Source Clock Delay      (SCD):    1.917ns
    Clock Pessimism Removal (CPR):    -0.000ns
  Clock Uncertainty:      0.160ns  ((TSJ^2 + DJ^2)^1/2) / 2 + PE
    Total System Jitter     (TSJ):    0.071ns
    Discrete Jitter          (DJ):    0.312ns
    Phase Error              (PE):    0.000ns
  Clock Net Delay (Source):      1.766ns (routing 0.886ns, distribution 0.880ns)
  Clock Net Delay (Destination): 1.891ns (routing 0.971ns, distribution 0.920ns)
  Timing Exception:       False Path

    Location             Delay type                Incr(ns)  Path(ns)    Netlist Resource(s)
  -------------------------------------------------------------------    -------------------
                         (clock clk_pl_0 rise edge)
                                                      0.000     0.000 r  
    PS8_X0Y0             PS8                          0.000     0.000 r  BD_1_i/zynq_ultra_ps_e_0/inst/PS8_i/PLCLK[0]
                         net (fo=1, routed)           0.129     0.129    BD_1_i/zynq_ultra_ps_e_0/inst/pl_clk_unbuffered[0]
    BUFG_PS_X0Y80        BUFG_PS (Prop_BUFG_PS_I_O)
                                                      0.022     0.151 r  BD_1_i/zynq_ultra_ps_e_0/inst/buffer_pl_clk_0.PL_CLK_0_BUFG/O
    X1Y1 (CLOCK_ROOT)    net (fo=29801, routed)       1.766     1.917    BD_1_i/rst_ps8_0_99M/U0/slowest_sync_clk
    SLICE_X0Y197         FDRE                                         r  BD_1_i/rst_ps8_0_99M/U0/ACTIVE_LOW_PR_OUT_DFF[0].FDRE_PER_N/C
  -------------------------------------------------------------------    -------------------
    SLICE_X0Y197         FDRE (Prop_EFF_SLICEL_C_Q)
                                                      0.084     2.001 r  BD_1_i/rst_ps8_0_99M/U0/ACTIVE_LOW_PR_OUT_DFF[0].FDRE_PER_N/Q
                         net (fo=812, routed)         0.864     2.864    BD_1_i/ps8_0_axi_periph/s00_couplers/auto_ds/inst/gen_downsizer.gen_simple_downsizer.axi_downsizer_inst/USE_WRITE.write_addr_inst/cmd_queue/inst/fifo_gen_inst/inst_fifo_gen/gconvfifo.rf/grf.rf/rstblk/ngwrdrst.grst.g7serrst.gnsckt_wrst.rst_wr_reg2_inst/src_arst
    SLICE_X2Y79          FDPE                                         f  BD_1_i/ps8_0_axi_periph/s00_couplers/auto_ds/inst/gen_downsizer.gen_simple_downsizer.axi_downsizer_inst/USE_WRITE.write_addr_inst/cmd_queue/inst/fifo_gen_inst/inst_fifo_gen/gconvfifo.rf/grf.rf/rstblk/ngwrdrst.grst.g7serrst.gnsckt_wrst.rst_wr_reg2_inst/arststages_ff_reg[0]/PRE  (IS_INVERTED)
  -------------------------------------------------------------------    -------------------

                         (clock clk_pl_0 rise edge)
                                                      0.000     0.000 r  
    PS8_X0Y0             PS8                          0.000     0.000 r  BD_1_i/zynq_ultra_ps_e_0/inst/PS8_i/PLCLK[0]
                         net (fo=1, routed)           0.164     0.164    BD_1_i/zynq_ultra_ps_e_0/inst/pl_clk_unbuffered[0]
    BUFG_PS_X0Y80        BUFG_PS (Prop_BUFG_PS_I_O)
                                                      0.023     0.187 r  BD_1_i/zynq_ultra_ps_e_0/inst/buffer_pl_clk_0.PL_CLK_0_BUFG/O
    X1Y1 (CLOCK_ROOT)    net (fo=29801, routed)       1.891     2.078    BD_1_i/ps8_0_axi_periph/s00_couplers/auto_ds/inst/gen_downsizer.gen_simple_downsizer.axi_downsizer_inst/USE_WRITE.write_addr_inst/cmd_queue/inst/fifo_gen_inst/inst_fifo_gen/gconvfifo.rf/grf.rf/rstblk/ngwrdrst.grst.g7serrst.gnsckt_wrst.rst_wr_reg2_inst/dest_clk
    SLICE_X2Y79          FDPE                                         r  BD_1_i/ps8_0_axi_periph/s00_couplers/auto_ds/inst/gen_downsizer.gen_simple_downsizer.axi_downsizer_inst/USE_WRITE.write_addr_inst/cmd_queue/inst/fifo_gen_inst/inst_fifo_gen/gconvfifo.rf/grf.rf/rstblk/ngwrdrst.grst.g7serrst.gnsckt_wrst.rst_wr_reg2_inst/arststages_ff_reg[0]/C

Slack:                    inf
  Source:                 BD_1_i/rst_ps8_0_99M/U0/ACTIVE_LOW_PR_OUT_DFF[0].FDRE_PER_N/C
                            (rising edge-triggered cell FDRE clocked by clk_pl_0  {rise@0.000ns fall@5.000ns period=10.000ns})
  Destination:            BD_1_i/ps8_0_axi_periph/s00_couplers/auto_ds/inst/gen_downsizer.gen_simple_downsizer.axi_downsizer_inst/USE_WRITE.write_addr_inst/cmd_queue/inst/fifo_gen_inst/inst_fifo_gen/gconvfifo.rf/grf.rf/rstblk/ngwrdrst.grst.g7serrst.gnsckt_wrst.rst_wr_reg2_inst/arststages_ff_reg[1]/PRE
                            (removal check against rising-edge clock clk_pl_0  {rise@0.000ns fall@5.000ns period=10.000ns})
  Path Group:             (none)
  Path Type:              Removal (Min at Fast Process Corner)
  Data Path Delay:        0.948ns  (logic 0.084ns (8.865%)  route 0.864ns (91.135%))
  Logic Levels:           0  
  Clock Path Skew:        0.161ns (DCD - SCD - CPR)
    Destination Clock Delay (DCD):    2.078ns
    Source Clock Delay      (SCD):    1.917ns
    Clock Pessimism Removal (CPR):    -0.000ns
  Clock Uncertainty:      0.160ns  ((TSJ^2 + DJ^2)^1/2) / 2 + PE
    Total System Jitter     (TSJ):    0.071ns
    Discrete Jitter          (DJ):    0.312ns
    Phase Error              (PE):    0.000ns
  Clock Net Delay (Source):      1.766ns (routing 0.886ns, distribution 0.880ns)
  Clock Net Delay (Destination): 1.891ns (routing 0.971ns, distribution 0.920ns)
  Timing Exception:       False Path

    Location             Delay type                Incr(ns)  Path(ns)    Netlist Resource(s)
  -------------------------------------------------------------------    -------------------
                         (clock clk_pl_0 rise edge)
                                                      0.000     0.000 r  
    PS8_X0Y0             PS8                          0.000     0.000 r  BD_1_i/zynq_ultra_ps_e_0/inst/PS8_i/PLCLK[0]
                         net (fo=1, routed)           0.129     0.129    BD_1_i/zynq_ultra_ps_e_0/inst/pl_clk_unbuffered[0]
    BUFG_PS_X0Y80        BUFG_PS (Prop_BUFG_PS_I_O)
                                                      0.022     0.151 r  BD_1_i/zynq_ultra_ps_e_0/inst/buffer_pl_clk_0.PL_CLK_0_BUFG/O
    X1Y1 (CLOCK_ROOT)    net (fo=29801, routed)       1.766     1.917    BD_1_i/rst_ps8_0_99M/U0/slowest_sync_clk
    SLICE_X0Y197         FDRE                                         r  BD_1_i/rst_ps8_0_99M/U0/ACTIVE_LOW_PR_OUT_DFF[0].FDRE_PER_N/C
  -------------------------------------------------------------------    -------------------
    SLICE_X0Y197         FDRE (Prop_EFF_SLICEL_C_Q)
                                                      0.084     2.001 r  BD_1_i/rst_ps8_0_99M/U0/ACTIVE_LOW_PR_OUT_DFF[0].FDRE_PER_N/Q
                         net (fo=812, routed)         0.864     2.864    BD_1_i/ps8_0_axi_periph/s00_couplers/auto_ds/inst/gen_downsizer.gen_simple_downsizer.axi_downsizer_inst/USE_WRITE.write_addr_inst/cmd_queue/inst/fifo_gen_inst/inst_fifo_gen/gconvfifo.rf/grf.rf/rstblk/ngwrdrst.grst.g7serrst.gnsckt_wrst.rst_wr_reg2_inst/src_arst
    SLICE_X2Y79          FDPE                                         f  BD_1_i/ps8_0_axi_periph/s00_couplers/auto_ds/inst/gen_downsizer.gen_simple_downsizer.axi_downsizer_inst/USE_WRITE.write_addr_inst/cmd_queue/inst/fifo_gen_inst/inst_fifo_gen/gconvfifo.rf/grf.rf/rstblk/ngwrdrst.grst.g7serrst.gnsckt_wrst.rst_wr_reg2_inst/arststages_ff_reg[1]/PRE  (IS_INVERTED)
  -------------------------------------------------------------------    -------------------

                         (clock clk_pl_0 rise edge)
                                                      0.000     0.000 r  
    PS8_X0Y0             PS8                          0.000     0.000 r  BD_1_i/zynq_ultra_ps_e_0/inst/PS8_i/PLCLK[0]
                         net (fo=1, routed)           0.164     0.164    BD_1_i/zynq_ultra_ps_e_0/inst/pl_clk_unbuffered[0]
    BUFG_PS_X0Y80        BUFG_PS (Prop_BUFG_PS_I_O)
                                                      0.023     0.187 r  BD_1_i/zynq_ultra_ps_e_0/inst/buffer_pl_clk_0.PL_CLK_0_BUFG/O
    X1Y1 (CLOCK_ROOT)    net (fo=29801, routed)       1.891     2.078    BD_1_i/ps8_0_axi_periph/s00_couplers/auto_ds/inst/gen_downsizer.gen_simple_downsizer.axi_downsizer_inst/USE_WRITE.write_addr_inst/cmd_queue/inst/fifo_gen_inst/inst_fifo_gen/gconvfifo.rf/grf.rf/rstblk/ngwrdrst.grst.g7serrst.gnsckt_wrst.rst_wr_reg2_inst/dest_clk
    SLICE_X2Y79          FDPE                                         r  BD_1_i/ps8_0_axi_periph/s00_couplers/auto_ds/inst/gen_downsizer.gen_simple_downsizer.axi_downsizer_inst/USE_WRITE.write_addr_inst/cmd_queue/inst/fifo_gen_inst/inst_fifo_gen/gconvfifo.rf/grf.rf/rstblk/ngwrdrst.grst.g7serrst.gnsckt_wrst.rst_wr_reg2_inst/arststages_ff_reg[1]/C





